seq_id,primary_label,secondary_label,global_index
FEV000001,0,10,0
FEV000002,0,10,1
FEV000003,0,10,2
FEV000007,0,10,3
FEV000008,0,10,4
FEV000009,0,10,5
FEV000012,0,10,6
FEV000013,0,10,7
FEV000014,0,10,8
FEV000015,0,10,9
FEV000016,0,10,10
FEV000018,0,10,11
FEV000019,0,10,12
FEV000020,0,10,13
FEV000021,0,10,14
FEV000022,0,10,15
FEV000023,0,10,16
FEV000024,0,10,17
FEV000025,0,10,18
FEV000026,0,10,19
FEV000027,0,10,20
FEV000028,0,10,21
FEV000029,0,10,22
FEV000030,0,10,23
FEV000031,0,10,24
FEV000032,0,10,25
FEV000033,0,10,26
FEV000034,0,10,27
FEV000036,0,10,28
FEV000037,0,10,29
FEV000038,0,10,30
FEV000039,0,10,31
FEV000040,0,10,32
FEV000041,0,10,33
FEV000042,0,10,34
FEV000043,0,10,35
FEV000044,0,10,36
FEV000045,0,10,37
FEV000046,0,10,38
FEV000047,0,10,39
FEV000048,0,10,40
FEV000049,0,10,41
FEV000050,0,10,42
FEV000051,0,10,43
FEV000052,0,10,44
FEV000053,0,10,45
FEV000054,0,10,46
FEV000057,0,10,47
FEV000058,0,10,48
FEV000059,0,10,49
FEV000060,0,10,50
FEV000061,0,10,51
FEV000062,0,10,52
FEV000063,0,10,53
FEV000064,0,10,54
FEV000066,0,10,55
FEV000068,0,10,56
FEV000069,0,10,57
FEV000070,0,10,58
FEV000071,0,10,59
FEV000072,0,10,60
FEV000073,0,10,61
FEV000074,0,10,62
FEV000075,0,10,63
FEV000076,0,10,64
FEV000077,0,10,65
FEV000079,0,10,66
FEV000080,0,10,67
FEV000081,0,10,68
FEV000082,0,10,69
FEV000083,0,10,70
FEV000084,0,10,71
FEV000085,0,10,72
FEV000086,0,10,73
FEV000087,0,10,74
FEV000088,0,10,75
FEV000089,0,10,76
FEV000090,0,10,77
FEV000091,0,10,78
FEV000092,0,10,79
FEV000093,0,10,80
FEV000094,0,10,81
FEV000096,0,10,82
FEV000097,0,10,83
FEV000098,0,10,84
FEV000100,0,10,85
FEV000101,0,10,86
FEV000102,0,10,87
FEV000103,0,10,88
FEV000104,0,10,89
FEV000105,0,10,90
FEV000106,0,10,91
FEV000107,0,10,92
FEV000108,0,10,93
FEV000109,0,10,94
FEV000110,0,10,95
FEV000111,0,10,96
FEV000112,0,10,97
FEV000114,0,10,98
FEV000116,0,10,99
FEV000119,0,10,100
FEV000121,0,10,101
FEV000122,0,10,102
FEV000123,0,10,103
FEV000124,0,10,104
FEV000125,0,10,105
FEV000129,0,10,106
FEV000130,0,10,107
FEV000132,0,10,108
FEV000133,0,10,109
FEV000135,0,10,110
FEV000136,0,10,111
FEV000137,0,10,112
FEV000139,0,10,113
FEV000140,0,10,114
FEV000141,0,10,115
FEV000142,0,10,116
FEV000143,0,10,117
FEV000145,0,10,118
FEV000146,0,10,119
FEV000148,0,10,120
FEV000149,0,10,121
FEV000150,0,10,122
FEV000151,0,10,123
FEV000152,0,10,124
FEV000154,0,10,125
FEV000156,0,10,126
FEV000157,0,10,127
FEV000158,0,10,128
FEV000159,0,10,129
FEV000160,0,10,130
FEV000163,0,10,131
FEV000164,0,10,132
FEV000166,0,10,133
FEV000167,0,10,134
FEV000168,0,10,135
FEV000169,0,10,136
FEV000170,0,10,137
FEV000171,0,10,138
FEV000172,0,10,139
FEV000173,0,10,140
FEV000174,0,10,141
FEV000175,0,10,142
FEV000176,0,10,143
FEV000178,0,10,144
FEV000179,0,10,145
FEV000180,0,10,146
FEV000181,0,10,147
FEV000182,0,10,148
FEV000183,0,10,149
FEV000184,0,10,150
FEV000185,0,10,151
FEV000186,0,10,152
FEV000187,0,10,153
FEV000189,0,10,154
FEV000192,0,10,155
FEV000193,0,10,156
FEV000194,0,10,157
FEV000195,0,10,158
FEV000196,0,10,159
FEV000197,0,10,160
FEV000199,0,10,161
FEV000200,0,10,162
FEV000204,0,10,163
FEV000205,0,10,164
FEV000206,0,10,165
FEV000208,0,10,166
FEV000209,0,10,167
FEV000210,0,10,168
FEV000211,0,10,169
FEV000212,0,10,170
FEV000213,0,10,171
FEV000214,0,10,172
FEV000215,0,10,173
FEV000216,0,10,174
FEV000217,0,10,175
FEV000218,0,10,176
FEV000219,0,10,177
FEV000220,0,10,178
FEV000221,0,10,179
FEV000222,0,10,180
FEV000223,0,10,181
FEV000227,0,10,182
FEV000228,0,10,183
FEV000229,0,10,184
FEV000230,0,10,185
FEV000231,0,10,186
FEV000232,0,10,187
FEV000234,0,10,188
FEV000235,0,10,189
FEV000237,0,10,190
FEV000238,0,10,191
FEV000239,0,10,192
FEV000240,0,10,193
FEV000241,0,10,194
FEV000244,0,10,195
FEV000245,0,10,196
FEV000246,0,10,197
FEV000247,0,10,198
FEV000248,0,10,199
FEV000249,0,10,200
FEV000251,0,10,201
FEV000252,0,10,202
FEV000253,0,10,203
FEV000255,0,10,204
FEV000257,0,10,205
FEV000258,0,10,206
FEV000259,0,10,207
FEV000260,0,10,208
FEV000262,0,10,209
FEV000264,0,10,210
FEV000265,0,10,211
FEV000266,0,10,212
FEV000268,0,10,213
FEV000269,0,10,214
FEV000270,0,10,215
FEV000271,0,10,216
FEV000272,0,10,217
FEV000273,0,10,218
FEV000274,0,10,219
FEV000275,0,10,220
FEV000276,0,10,221
FEV000277,0,10,222
FEV000279,0,10,223
FEV000280,0,10,224
FEV000282,0,10,225
FEV000283,0,10,226
FEV000284,0,10,227
FEV000285,0,10,228
FEV000287,0,10,229
FEV000288,0,10,230
FEV000289,0,10,231
FEV000290,0,10,232
FEV000291,0,10,233
FEV000292,0,10,234
FEV000293,0,10,235
FEV000294,0,10,236
FEV000295,0,10,237
FEV000296,0,10,238
FEV000297,0,10,239
FEV000298,0,10,240
FEV000299,0,10,241
FEV000300,0,10,242
FEV000301,0,10,243
FEV000304,0,10,244
FEV000305,0,10,245
FEV000306,0,10,246
FEV000307,0,10,247
FEV000308,0,10,248
FEV000309,0,10,249
FEV000310,0,10,250
FEV000311,0,10,251
FEV000312,0,10,252
FEV000313,0,10,253
FEV000314,0,10,254
FEV000315,0,10,255
FEV000316,0,10,256
FEV000317,0,10,257
FEV000318,0,10,258
FEV000319,0,10,259
FEV000320,0,10,260
FEV000322,0,10,261
FEV000323,0,10,262
FEV000324,0,10,263
FEV000325,0,10,264
FEV000326,0,10,265
FEV000327,0,10,266
FEV000329,0,10,267
FEV000330,0,10,268
FEV000331,0,10,269
FEV000332,0,10,270
FEV000333,0,10,271
FEV000334,0,10,272
FEV000335,0,10,273
FEV000337,0,10,274
FEV000339,0,10,275
FEV000340,0,10,276
FEV000341,0,10,277
FEV000343,0,10,278
FEV000344,0,10,279
FEV000345,0,10,280
FEV000347,0,10,281
FEV000348,0,10,282
FEV000349,0,10,283
FEV000350,0,10,284
FEV000351,0,10,285
FEV000352,0,10,286
FEV000353,0,10,287
FEV000354,0,10,288
FEV000355,0,10,289
FEV000356,0,10,290
FEV000357,0,10,291
FEV000359,0,10,292
FEV000360,0,10,293
FEV000361,0,10,294
FEV000362,0,10,295
FEV000364,0,10,296
FEV000366,0,10,297
FEV000368,0,10,298
FEV000369,0,10,299
FEV000370,0,10,300
FEV000371,0,10,301
FEV000373,0,10,302
FEV000374,0,10,303
FEV000375,0,10,304
FEV000377,0,10,305
FEV000378,0,10,306
FEV000379,0,10,307
FEV000381,0,10,308
FEV000382,0,10,309
FEV000383,0,10,310
FEV000384,0,10,311
FEV000387,0,10,312
FEV000388,0,10,313
FEV000390,0,10,314
FEV000391,0,10,315
FEV000393,0,10,316
FEV000394,0,10,317
FEV000395,0,10,318
FEV000397,0,10,319
FEV000399,0,10,320
FEV000400,0,10,321
FEV000401,0,10,322
FEV000403,0,10,323
FEV000404,0,10,324
FEV000406,0,10,325
FEV000407,0,10,326
FEV000408,0,10,327
FEV000409,0,10,328
FEV000410,0,10,329
FEV000411,0,10,330
FEV000412,0,10,331
FEV000414,0,10,332
FEV000415,0,10,333
FEV000417,0,10,334
FEV000419,0,10,335
FEV000421,0,10,336
FEV000422,0,10,337
FEV000423,0,10,338
FEV000424,0,10,339
FEV000425,0,10,340
FEV000426,0,10,341
FEV000427,0,10,342
FEV000428,0,10,343
FEV000429,0,10,344
FEV000430,0,10,345
FEV000431,0,10,346
FEV000433,0,10,347
FEV000434,0,10,348
FEV000435,0,10,349
FEV000436,0,10,350
FEV000437,0,10,351
FEV000438,0,10,352
FEV000439,0,10,353
FEV000440,0,10,354
FEV000441,0,10,355
FEV000443,0,10,356
FEV000444,0,10,357
FEV000445,0,10,358
FEV000446,0,10,359
FEV000447,0,10,360
FEV000448,0,10,361
FEV000449,0,10,362
FEV000450,0,10,363
FEV000451,0,10,364
FEV000452,0,10,365
FEV000453,0,10,366
FEV000454,0,10,367
FEV000455,0,10,368
FEV000457,0,10,369
FEV000458,0,10,370
FEV000459,0,10,371
FEV000460,0,10,372
FEV000461,0,10,373
FEV000462,0,10,374
FEV000463,0,10,375
FEV000464,0,10,376
FEV000465,0,10,377
FEV000466,0,10,378
FEV000469,0,10,379
FEV000470,0,10,380
FEV000472,0,10,381
FEV000473,0,10,382
FEV000474,0,10,383
FEV000476,0,10,384
FEV000477,0,10,385
FEV000479,0,10,386
FEV000480,0,10,387
FEV000481,0,10,388
FEV000482,0,10,389
FEV000483,0,10,390
FEV000484,0,10,391
FEV000485,0,10,392
FEV000486,0,10,393
FEV000487,0,10,394
FEV000488,0,10,395
FEV000490,0,10,396
FEV000491,0,10,397
FEV000492,0,10,398
FEV000494,0,10,399
FEV000495,0,10,400
FEV000496,0,10,401
FEV000497,0,10,402
FEV000498,0,10,403
FEV000499,0,10,404
FEV000501,0,10,405
FEV000502,0,10,406
FEV000504,0,10,407
FEV000507,0,10,408
FEV000508,0,10,409
FEV000510,0,10,410
FEV000512,0,10,411
FEV000515,0,10,412
FEV000516,0,10,413
FEV000517,0,10,414
FEV000518,0,10,415
FEV000519,0,10,416
FEV000520,0,10,417
FEV000521,0,10,418
FEV000522,0,10,419
FEV000523,0,10,420
FEV000527,0,10,421
FEV000528,0,10,422
FEV000529,0,10,423
FEV000530,0,10,424
FEV000531,0,10,425
FEV000532,0,10,426
FEV000533,0,10,427
FEV000534,0,10,428
FEV000535,0,10,429
FEV000536,0,10,430
FEV000539,0,10,431
FEV000541,0,10,432
FEV000542,0,10,433
FEV000543,0,10,434
FEV000544,0,10,435
FEV000545,0,10,436
FEV000547,0,10,437
FEV000548,0,10,438
FEV000549,0,10,439
FEV000550,0,10,440
FEV000551,0,10,441
FEV000552,0,10,442
FEV000553,0,10,443
FEV000554,0,10,444
FEV000555,0,10,445
FEV000556,0,10,446
FEV000557,0,10,447
FEV000558,0,10,448
FEV000559,0,10,449
FEV000561,0,10,450
FEV000562,0,10,451
FEV000565,0,10,452
FEV000566,0,10,453
FEV000567,0,10,454
FEV000568,0,10,455
FEV000569,0,10,456
FEV000571,0,10,457
FEV000572,0,10,458
FEV000573,0,10,459
FEV000574,0,10,460
FEV000576,0,10,461
FEV000577,0,10,462
FEV000578,0,10,463
FEV000579,0,10,464
FEV000580,0,10,465
FEV000582,0,10,466
FEV000583,0,10,467
FEV000584,0,10,468
FEV000585,0,10,469
FEV000586,0,10,470
FEV000587,0,10,471
FEV000588,0,10,472
FEV000589,0,10,473
FEV000590,0,10,474
FEV000591,0,10,475
FEV000592,0,10,476
FEV000593,0,10,477
FEV000594,0,10,478
FEV000595,0,10,479
FEV000597,0,10,480
FEV000598,0,10,481
FEV000599,0,10,482
FEV000600,0,10,483
FEV000602,0,10,484
FEV000603,0,10,485
FEV000605,0,10,486
FEV000606,0,10,487
FEV000608,0,10,488
FEV000610,0,10,489
FEV000611,0,10,490
FEV000612,0,10,491
FEV000613,0,10,492
FEV000614,0,10,493
FEV000615,0,10,494
FEV000616,0,10,495
FEV000618,0,10,496
FEV000619,0,10,497
FEV000620,0,10,498
FEV000621,0,10,499
FEV000622,0,10,500
FEV000623,0,10,501
FEV000625,0,10,502
FEV000626,0,10,503
FEV000627,0,10,504
FEV000628,0,10,505
FEV000629,0,10,506
FEV000630,0,10,507
FEV000631,0,10,508
FEV000632,0,10,509
FEV000633,0,10,510
FEV000634,0,10,511
FEV000635,0,10,512
FEV000637,0,10,513
FEV000638,0,10,514
FEV000640,0,10,515
FEV000641,0,10,516
FEV000642,0,10,517
FEV000643,0,10,518
FEV000644,0,10,519
FEV000645,0,10,520
FEV000648,0,10,521
FEV000650,0,10,522
FEV000651,0,10,523
FEV000652,0,10,524
FEV000653,0,10,525
FEV000654,0,10,526
FEV000655,0,10,527
FEV000656,0,10,528
FEV000657,0,10,529
FEV000658,0,10,530
FEV000659,0,10,531
FEV000661,0,10,532
FEV000662,0,10,533
FEV000663,0,10,534
FEV000665,0,10,535
FEV000666,0,10,536
FEV000669,0,10,537
FEV000670,0,10,538
FEV000673,0,10,539
FEV000678,0,10,540
FEV000680,0,10,541
FEV000681,0,10,542
FEV000682,0,10,543
FEV000683,0,10,544
FEV000684,0,10,545
FEV000685,0,10,546
FEV000686,0,10,547
FEV000687,0,10,548
FEV000688,0,10,549
FEV000690,0,10,550
FEV000691,0,10,551
FEV000692,0,10,552
FEV000693,0,10,553
FEV000694,0,10,554
FEV000695,0,10,555
FEV000696,0,10,556
FEV000697,0,10,557
FEV000698,0,10,558
FEV000701,0,10,559
FEV000702,0,10,560
FEV000703,0,10,561
FEV000704,0,10,562
FEV000705,0,10,563
FEV000706,0,10,564
FEV000707,0,10,565
FEV000708,0,10,566
FEV000709,0,10,567
FEV000711,0,10,568
FEV000712,0,10,569
FEV000713,0,10,570
FEV000715,0,10,571
FEV000716,0,10,572
FEV000719,0,10,573
FEV000720,0,10,574
FEV000721,0,10,575
FEV000722,0,10,576
FEV000725,0,10,577
FEV000726,0,10,578
FEV000727,0,10,579
FEV000728,0,10,580
FEV000730,0,10,581
FEV000732,0,10,582
FEV000734,0,10,583
FEV000735,0,10,584
FEV000736,0,10,585
FEV000737,0,10,586
FEV000738,0,10,587
FEV000739,0,10,588
FEV000740,0,10,589
FEV000742,0,10,590
FEV000743,0,10,591
FEV000744,0,10,592
FEV000745,0,10,593
FEV000746,0,10,594
FEV000748,0,10,595
FEV000749,0,10,596
FEV000750,0,10,597
FEV000751,0,10,598
FEV000752,0,10,599
FEV000755,0,10,600
FEV000756,0,10,601
FEV000757,0,10,602
FEV000758,0,10,603
FEV000759,0,10,604
FEV000760,0,10,605
FEV000762,0,10,606
FEV000763,0,10,607
FEV000764,0,10,608
FEV000765,0,10,609
FEV000766,0,10,610
FEV000768,0,10,611
FEV000773,0,10,612
FEV000774,0,10,613
FEV000777,0,10,614
FEV000778,0,10,615
FEV000779,0,10,616
FEV000780,0,10,617
FEV000781,0,10,618
FEV000782,0,10,619
FEV000783,0,10,620
FEV000784,0,10,621
FEV000786,0,10,622
FEV000787,0,10,623
FEV000789,0,10,624
FEV000790,0,10,625
FEV000791,0,10,626
FEV000792,0,10,627
FEV000793,0,10,628
FEV000795,0,10,629
FEV000796,0,10,630
FEV000797,0,10,631
FEV000799,0,10,632
FEV000800,0,10,633
FEV000801,0,10,634
FEV000802,0,10,635
FEV000803,0,10,636
FEV000804,0,10,637
FEV000806,0,10,638
FEV000808,0,10,639
FEV000809,0,10,640
FEV000810,0,10,641
FEV000811,0,10,642
FEV000812,0,10,643
FEV000813,0,10,644
FEV000814,0,10,645
FEV000817,0,10,646
FEV000818,0,10,647
FEV000819,0,10,648
FEV000820,0,10,649
FEV000821,0,10,650
FEV000822,0,10,651
FEV000825,0,10,652
FEV000827,0,10,653
FEV000829,0,10,654
FEV000830,0,10,655
FEV000832,0,10,656
FEV000834,0,10,657
FEV000835,0,10,658
FEV000836,0,10,659
FEV000837,0,10,660
FEV000838,0,10,661
FEV000839,0,10,662
FEV000841,0,10,663
FEV000842,0,10,664
FEV000845,0,10,665
FEV000846,0,10,666
FEV000848,0,10,667
FEV000849,0,10,668
FEV000850,0,10,669
FEV000851,0,10,670
FEV000853,0,10,671
FEV000856,0,10,672
FEV000857,0,10,673
FEV000858,0,10,674
FEV000859,0,10,675
FEV000860,0,10,676
FEV000862,0,10,677
FEV000863,0,10,678
FEV000865,0,10,679
FEV000866,0,10,680
FEV000867,0,10,681
FEV000868,0,10,682
FEV000869,0,10,683
FEV000870,0,10,684
FEV000872,0,10,685
FEV000874,0,10,686
FEV000875,0,10,687
FEV000876,0,10,688
FEV000878,0,10,689
FEV000880,0,10,690
FEV000881,0,10,691
FEV000882,0,10,692
FEV000883,0,10,693
FEV000884,0,10,694
FEV000885,0,10,695
FEV000886,0,10,696
FEV000887,0,10,697
FEV000888,0,10,698
FEV000889,0,10,699
FEV000890,0,10,700
FEV000891,0,10,701
FEV000892,0,10,702
FEV000893,0,10,703
FEV000894,0,10,704
FEV000897,0,10,705
FEV000898,0,10,706
FEV000899,0,10,707
FEV000901,0,10,708
FEV000903,0,10,709
FEV000904,0,10,710
FEV000905,0,10,711
FEV000906,0,10,712
FEV000907,0,10,713
FEV000908,0,10,714
FEV000909,0,10,715
FEV000910,0,10,716
FEV000911,0,10,717
FEV000912,0,10,718
FEV000913,0,10,719
FEV000914,0,10,720
FEV000916,0,10,721
FEV000917,0,10,722
FEV000918,0,10,723
FEV000921,0,10,724
FEV000922,0,10,725
FEV000924,0,10,726
FEV000927,0,10,727
FEV000928,0,10,728
FEV000930,0,10,729
FEV000931,0,10,730
FEV000932,0,10,731
FEV000933,0,10,732
FEV000934,0,10,733
FEV000935,0,10,734
FEV000936,0,10,735
FEV000937,0,10,736
FEV000938,0,10,737
FEV000939,0,10,738
FEV000940,0,10,739
FEV000941,0,10,740
FEV000942,0,10,741
FEV000943,0,10,742
FEV000945,0,10,743
FEV000946,0,10,744
FEV000948,0,10,745
FEV000949,0,10,746
FEV000950,0,10,747
FEV000953,0,10,748
FEV000956,0,10,749
FEV000958,0,10,750
FEV000959,0,10,751
FEV000961,0,10,752
FEV000962,0,10,753
FEV000963,0,10,754
FEV000964,0,10,755
FEV000965,0,10,756
FEV000966,0,10,757
FEV000968,0,10,758
FEV000969,0,10,759
FEV000970,0,10,760
FEV000971,0,10,761
FEV000973,0,10,762
FEV000974,0,10,763
FEV000975,0,10,764
FEV000977,0,10,765
FEV000978,0,10,766
FEV000979,0,10,767
FEV000980,0,10,768
FEV000982,0,10,769
FEV000983,0,10,770
FEV000984,0,10,771
FEV000986,0,10,772
FEV000988,0,10,773
FEV000989,0,10,774
FEV000991,0,10,775
FEV000994,0,10,776
FEV000995,0,10,777
FEV000997,0,10,778
FEV000998,0,10,779
FEV000999,0,10,780
FEV001000,0,10,781
FEV001001,0,10,782
FEV001002,0,10,783
FEV001003,0,10,784
FEV001004,0,10,785
FEV001005,0,10,786
FEV001006,0,10,787
FEV001007,0,10,788
FEV001008,0,10,789
FEV001009,0,10,790
FEV001010,0,10,791
FEV001011,0,10,792
FEV001012,0,10,793
FEV001014,0,10,794
FEV001015,0,10,795
FEV001019,0,10,796
FEV001020,0,10,797
FEV001021,0,10,798
FEV001023,0,10,799
FEV001024,0,10,800
FEV001025,0,10,801
FEV001026,0,10,802
FEV001027,0,10,803
FEV001028,0,10,804
FEV001030,0,10,805
FEV001031,0,10,806
FEV001032,0,10,807
FEV001033,0,10,808
FEV001034,0,10,809
FEV001035,0,10,810
FEV001036,0,10,811
FEV001037,0,10,812
FEV001038,0,10,813
FEV001039,0,10,814
FEV001040,0,10,815
FEV001041,0,10,816
FEV001042,0,10,817
FEV001043,0,10,818
FEV001044,0,10,819
FEV001045,0,10,820
FEV001047,0,10,821
FEV001048,0,10,822
FEV001049,0,10,823
FEV001050,0,10,824
FEV001051,0,10,825
FEV001052,0,10,826
FEV001053,0,10,827
FEV001054,0,10,828
FEV001055,0,10,829
FEV001056,0,10,830
FEV001057,0,10,831
FEV001058,0,10,832
FEV001059,0,10,833
FEV001062,0,10,834
FEV001065,0,10,835
FEV001068,0,10,836
FEV001069,0,10,837
FEV001071,0,10,838
FEV001072,0,10,839
FEV001073,0,10,840
FEV001074,0,10,841
FEV001075,0,10,842
FEV001076,0,10,843
FEV001079,0,10,844
FEV001080,0,10,845
FEV001081,0,10,846
FEV001084,0,10,847
FEV001085,0,10,848
FEV001086,0,10,849
FEV001087,0,10,850
FEV001088,0,10,851
FEV001089,0,10,852
FEV001090,0,10,853
FEV001091,0,10,854
FEV001092,0,10,855
FEV001093,0,10,856
FEV001094,0,10,857
FEV001095,0,10,858
FEV001096,0,10,859
FEV001097,0,10,860
FEV001098,0,10,861
FEV001099,0,10,862
FEV001100,0,10,863
FEV001101,0,10,864
FEV001102,0,10,865
FEV001104,0,10,866
FEV001105,0,10,867
FEV001107,0,10,868
FEV001108,0,10,869
FEV001110,0,10,870
FEV001111,0,10,871
FEV001112,0,10,872
FEV001113,0,10,873
FEV001114,0,10,874
FEV001115,0,10,875
FEV001116,0,10,876
FEV001117,0,10,877
FEV001118,0,10,878
FEV001120,0,10,879
FEV001122,0,10,880
FEV001124,0,10,881
FEV001125,0,10,882
FEV001126,0,10,883
FEV001127,0,10,884
FEV001128,0,10,885
FEV001129,0,10,886
FEV001130,0,10,887
FEV001131,0,10,888
FEV001132,0,10,889
FEV001133,0,10,890
FEV001134,0,10,891
FEV001135,0,10,892
FEV001136,0,10,893
FEV001137,0,10,894
FEV001138,0,10,895
FEV001139,0,10,896
FEV001141,0,10,897
FEV001143,0,10,898
FEV001144,0,10,899
FEV001145,0,10,900
FEV001147,0,10,901
FEV001150,0,10,902
FEV001152,0,10,903
FEV001153,0,10,904
FEV001154,0,10,905
FEV001159,0,10,906
FEV001160,0,10,907
FEV001162,0,10,908
FEV001163,0,10,909
FEV001164,0,10,910
FEV001165,0,10,911
FEV001166,0,10,912
FEV001169,0,10,913
FEV001171,0,10,914
FEV001172,0,10,915
FEV001173,0,10,916
FEV001174,0,10,917
FEV001175,0,10,918
FEV001176,0,10,919
FEV001177,0,10,920
FEV001178,0,10,921
FEV001179,0,10,922
FEV001180,0,10,923
FEV001181,0,10,924
FEV001182,0,10,925
FEV001183,0,10,926
FEV001184,0,10,927
FEV001186,0,10,928
FEV001187,0,10,929
FEV001188,0,10,930
FEV001189,0,10,931
FEV001193,0,10,932
FEV001194,0,10,933
FEV001195,0,10,934
FEV001196,0,10,935
FEV001197,0,10,936
FEV001198,0,10,937
FEV001200,0,10,938
FEV001201,0,10,939
FEV001202,0,10,940
FEV001204,0,10,941
FEV001205,0,10,942
FEV001207,0,10,943
FEV001208,0,10,944
FEV001209,0,10,945
FEV001211,0,10,946
FEV001212,0,10,947
FEV001213,0,10,948
FEV001216,0,10,949
FEV001217,0,10,950
FEV001220,0,10,951
FEV001222,0,10,952
FEV001223,0,10,953
FEV001224,0,10,954
FEV001225,0,10,955
FEV001226,0,10,956
FEV001227,0,10,957
FEV001228,0,10,958
FEV001229,0,10,959
FEV001230,0,10,960
FEV001231,0,10,961
FEV001232,0,10,962
FEV001233,0,10,963
FEV001234,0,10,964
FEV001235,0,10,965
FEV001237,0,10,966
FEV001238,0,10,967
FEV001239,0,10,968
FEV001240,0,10,969
FEV001241,0,10,970
FEV001242,0,10,971
FEV001243,0,10,972
FEV001245,0,10,973
FEV001246,0,10,974
FEV001248,0,10,975
FEV001250,0,10,976
FEV001252,0,10,977
FEV001254,0,10,978
FEV001256,0,10,979
FEV001258,0,10,980
FEV001259,0,10,981
FEV001261,0,10,982
FEV001262,0,10,983
FEV001263,0,10,984
FEV001264,0,10,985
FEV001265,0,10,986
FEV001266,0,10,987
FEV001267,0,10,988
FEV001269,0,10,989
FEV001270,0,10,990
FEV001271,0,10,991
FEV001272,0,10,992
FEV001273,0,10,993
FEV001274,0,10,994
FEV001275,0,10,995
FEV001278,0,10,996
FEV001279,0,10,997
FEV001281,0,10,998
FEV001282,0,10,999
FEV001284,0,10,1000
FEV001285,0,10,1001
FEV001287,0,10,1002
FEV001288,0,10,1003
FEV001289,0,10,1004
FEV001290,0,10,1005
FEV001291,0,10,1006
FEV001293,0,10,1007
FEV001294,0,10,1008
FEV001295,0,10,1009
FEV001296,0,10,1010
FEV001298,0,10,1011
FEV001299,0,10,1012
FEV001300,0,10,1013
FEV001302,0,10,1014
FEV001303,0,10,1015
FEV001304,0,10,1016
FEV001305,0,10,1017
FEV001306,0,10,1018
FEV001308,0,10,1019
FEV001310,0,10,1020
FEV001311,0,10,1021
FEV001314,0,10,1022
FEV001316,0,10,1023
FEV001317,0,10,1024
FEV001318,0,10,1025
FEV001320,0,10,1026
FEV001321,0,10,1027
FEV001322,0,10,1028
FEV001323,0,10,1029
FEV001324,0,10,1030
FEV001326,0,10,1031
FEV001327,0,10,1032
FEV001328,0,10,1033
FEV001329,0,10,1034
FEV001331,0,10,1035
FEV001335,0,10,1036
FEV001336,0,10,1037
FEV001337,0,10,1038
FEV001338,0,10,1039
FEV001339,0,10,1040
FEV001340,0,10,1041
FEV001341,0,10,1042
FEV001342,0,10,1043
FEV001344,0,10,1044
FEV001345,0,10,1045
FEV001346,0,10,1046
FEV001347,0,10,1047
FEV001348,0,10,1048
FEV001350,0,10,1049
FEV001351,0,10,1050
FEV001352,0,10,1051
FEV001353,0,10,1052
FEV001355,0,10,1053
FEV001356,0,10,1054
FEV001357,0,10,1055
FEV001358,0,10,1056
FEV001360,0,10,1057
FEV001361,0,10,1058
FEV001362,0,10,1059
FEV001363,0,10,1060
FEV001365,0,10,1061
FEV001367,0,10,1062
FEV001368,0,10,1063
FEV001369,0,10,1064
FEV001371,0,10,1065
FEV001373,0,10,1066
FEV001374,0,10,1067
FEV001375,0,10,1068
FEV001376,0,10,1069
FEV001377,0,10,1070
FEV001378,0,10,1071
FEV001379,0,10,1072
FEV001380,0,10,1073
FEV001381,0,10,1074
FEV001382,0,10,1075
FEV001383,0,10,1076
FEV001384,0,10,1077
FEV001386,0,10,1078
FEV001390,0,10,1079
FEV001391,0,10,1080
FEV001392,0,10,1081
FEV001393,0,10,1082
FEV001394,0,10,1083
FEV001395,0,10,1084
FEV001396,0,10,1085
FEV001398,0,10,1086
FEV001399,0,10,1087
FEV001400,0,10,1088
FEV001401,0,10,1089
FEV001402,0,10,1090
FEV001403,0,10,1091
FEV001404,0,10,1092
FEV001405,0,10,1093
FEV001406,0,10,1094
FEV001407,0,10,1095
FEV001408,0,10,1096
FEV001409,0,10,1097
FEV001411,0,10,1098
FEV001412,0,10,1099
FEV001413,0,10,1100
FEV001414,0,10,1101
FEV001415,0,10,1102
FEV001416,0,10,1103
FEV001417,0,10,1104
FEV001418,0,10,1105
FEV001420,0,10,1106
FEV001421,0,10,1107
FEV001422,0,10,1108
FEV001423,0,10,1109
FEV001424,0,10,1110
FEV001425,0,10,1111
FEV001427,0,10,1112
FEV001428,0,10,1113
FEV001429,0,10,1114
FEV001430,0,10,1115
FEV001431,0,10,1116
FEV001432,0,10,1117
FEV001433,0,10,1118
FEV001434,0,10,1119
FEV001435,0,10,1120
FEV001436,0,10,1121
FEV001437,0,10,1122
FEV001438,0,10,1123
FEV001439,0,10,1124
FEV001440,0,10,1125
FEV001441,0,10,1126
FEV001442,0,10,1127
FEV001443,0,10,1128
FEV001444,0,10,1129
FEV001445,0,10,1130
FEV001447,0,10,1131
FEV001448,0,10,1132
FEV001449,0,10,1133
FEV001451,0,10,1134
FEV001452,0,10,1135
FEV001453,0,10,1136
FEV001454,0,10,1137
FEV001455,0,10,1138
FEV001456,0,10,1139
FEV001457,0,10,1140
FEV001458,0,10,1141
FEV001460,0,10,1142
FEV001462,0,10,1143
FEV001463,0,10,1144
FEV001464,0,10,1145
FEV001465,0,10,1146
FEV001466,0,10,1147
FEV001467,0,10,1148
FEV001468,0,10,1149
FEV001469,0,10,1150
FEV001470,0,10,1151
FEV001472,0,10,1152
FEV001473,0,10,1153
FEV001474,0,10,1154
FEV001475,0,10,1155
FEV001476,0,10,1156
FEV001477,0,10,1157
FEV001478,0,10,1158
FEV001480,0,10,1159
FEV001481,0,10,1160
FEV001483,0,10,1161
FEV001484,0,10,1162
FEV001486,0,10,1163
FEV001487,0,10,1164
FEV001489,0,10,1165
FEV001490,0,10,1166
FEV001491,0,10,1167
FEV001492,0,10,1168
FEV001493,0,10,1169
FEV001495,0,10,1170
FEV001497,0,10,1171
FEV001498,0,10,1172
FEV001499,0,10,1173
FEV001500,0,10,1174
FEV001502,0,10,1175
FEV001503,0,10,1176
FEV001504,0,10,1177
FEV001505,0,10,1178
FEV001506,0,10,1179
FEV001507,0,10,1180
FEV001508,0,10,1181
FEV001509,0,10,1182
FEV001510,0,10,1183
FEV001511,0,10,1184
FEV001512,0,10,1185
FEV001513,0,10,1186
FEV001514,0,10,1187
FEV001515,0,10,1188
FEV001516,0,10,1189
FEV001518,0,10,1190
FEV001519,0,10,1191
FEV001520,0,10,1192
FEV001521,0,10,1193
FEV001522,0,10,1194
FEV001523,0,10,1195
FEV001524,0,10,1196
FEV001525,0,10,1197
FEV001526,0,10,1198
FEV001527,0,10,1199
FEV001531,0,10,1200
FEV001533,0,10,1201
FEV001534,0,10,1202
FEV001536,0,10,1203
FEV001537,0,10,1204
FEV001538,0,10,1205
FEV001539,0,10,1206
FEV001540,0,10,1207
FEV001542,0,10,1208
FEV001544,0,10,1209
FEV001545,0,10,1210
FEV001546,0,10,1211
FEV001547,0,10,1212
FEV001548,0,10,1213
FEV001549,0,10,1214
FEV001550,0,10,1215
FEV001551,0,10,1216
FEV001552,0,10,1217
FEV001553,0,10,1218
FEV001554,0,10,1219
FEV001555,0,10,1220
FEV001557,0,10,1221
FEV001558,0,10,1222
FEV001559,0,10,1223
FEV001560,0,10,1224
FEV001561,0,10,1225
FEV001562,0,10,1226
FEV001563,0,10,1227
FEV001564,0,10,1228
FEV001565,0,10,1229
FEV001566,0,10,1230
FEV001567,0,10,1231
FEV001568,0,10,1232
FEV001570,0,10,1233
FEV001573,0,10,1234
FEV001576,0,10,1235
FEV001577,0,10,1236
FEV001578,0,10,1237
FEV001579,0,10,1238
FEV001580,0,10,1239
FEV001581,0,10,1240
FEV001583,0,10,1241
FEV001584,0,10,1242
FEV001585,0,10,1243
FEV001587,0,10,1244
FEV001589,0,10,1245
FEV001590,0,10,1246
FEV001591,0,10,1247
FEV001592,0,10,1248
FEV001594,0,10,1249
FEV001596,0,10,1250
FEV001597,0,10,1251
FEV001599,0,10,1252
FEV001600,0,10,1253
FEV001601,0,10,1254
FEV001602,0,10,1255
FEV001603,0,10,1256
FEV001607,0,10,1257
FEV001608,0,10,1258
FEV001609,0,10,1259
FEV001610,0,10,1260
FEV001611,0,10,1261
FEV001612,0,10,1262
FEV001613,0,10,1263
FEV001614,0,10,1264
FEV001615,0,10,1265
FEV001616,0,10,1266
FEV001617,0,10,1267
FEV001618,0,10,1268
FEV001621,0,10,1269
FEV001622,0,10,1270
FEV001623,0,10,1271
FEV001624,0,10,1272
FEV001625,0,10,1273
FEV001627,0,10,1274
FEV001628,0,10,1275
FEV001629,0,10,1276
FEV001630,0,10,1277
FEV001631,0,10,1278
FEV001633,0,10,1279
FEV001635,0,10,1280
FEV001638,0,10,1281
FEV001639,0,10,1282
FEV001641,0,10,1283
FEV001642,0,10,1284
FEV001643,0,10,1285
FEV001644,0,10,1286
FEV001645,0,10,1287
FEV001648,0,10,1288
FEV001650,0,10,1289
FEV001651,0,10,1290
FEV001652,0,10,1291
FEV001653,0,10,1292
FEV001654,0,10,1293
FEV001655,0,10,1294
FEV001656,0,10,1295
FEV001657,0,10,1296
FEV001658,0,10,1297
FEV001659,0,10,1298
FEV001660,0,10,1299
FEV001661,0,10,1300
FEV001662,0,10,1301
FEV001663,0,10,1302
FEV001666,0,10,1303
FEV001667,0,10,1304
FEV001668,0,10,1305
FEV001670,0,10,1306
FEV001671,0,10,1307
FEV001672,0,10,1308
FEV001673,0,10,1309
FEV001675,0,10,1310
FEV001676,0,10,1311
FEV001677,0,10,1312
FEV001678,0,10,1313
FEV001682,0,10,1314
FEV001684,0,10,1315
FEV001685,0,10,1316
FEV001689,0,10,1317
FEV001690,0,10,1318
FEV001691,0,10,1319
FEV001692,0,10,1320
FEV001693,0,10,1321
FEV001695,0,10,1322
FEV001696,0,10,1323
FEV001698,0,10,1324
FEV001699,0,10,1325
FEV001700,0,10,1326
FEV001701,0,10,1327
FEV001702,0,10,1328
FEV001703,0,10,1329
FEV001704,0,10,1330
FEV001705,0,10,1331
FEV001706,0,10,1332
FEV001707,0,10,1333
FEV001710,0,10,1334
FEV001711,0,10,1335
FEV001712,0,10,1336
FEV001713,0,10,1337
FEV001714,0,10,1338
FEV001715,0,10,1339
FEV001717,0,10,1340
FEV001718,0,10,1341
FEV001719,0,10,1342
FEV001721,0,10,1343
FEV001722,0,10,1344
FEV001724,0,10,1345
FEV001726,0,10,1346
FEV001727,0,10,1347
FEV001728,0,10,1348
FEV001730,0,10,1349
FEV001731,0,10,1350
FEV001732,0,10,1351
FEV001733,0,10,1352
FEV001736,0,10,1353
FEV001737,0,10,1354
FEV001738,0,10,1355
FEV001739,0,10,1356
FEV001741,0,10,1357
FEV001742,0,10,1358
FEV001743,0,10,1359
FEV001744,0,10,1360
FEV001745,0,10,1361
FEV001747,0,10,1362
FEV001748,0,10,1363
FEV001749,0,10,1364
FEV001750,0,10,1365
FEV001751,0,10,1366
FEV001752,0,10,1367
FEV001753,0,10,1368
FEV001755,0,10,1369
FEV001756,0,10,1370
FEV001757,0,10,1371
FEV001759,0,10,1372
FEV001761,0,10,1373
FEV001763,0,10,1374
FEV001764,0,10,1375
FEV001765,0,10,1376
FEV001766,0,10,1377
FEV001767,0,10,1378
FEV001768,0,10,1379
FEV001769,0,10,1380
FEV001770,0,10,1381
FEV001771,0,10,1382
FEV001772,0,10,1383
FEV001773,0,10,1384
FEV001774,0,10,1385
FEV001775,0,10,1386
FEV001776,0,10,1387
FEV001777,0,10,1388
FEV001778,0,10,1389
FEV001779,0,10,1390
FEV001780,0,10,1391
FEV001781,0,10,1392
FEV001782,0,10,1393
FEV001783,0,10,1394
FEV001784,0,10,1395
FEV001786,0,10,1396
FEV001788,0,10,1397
FEV001789,0,10,1398
FEV001790,0,10,1399
FEV001791,0,10,1400
FEV001792,0,10,1401
FEV001794,0,10,1402
FEV001796,0,10,1403
FEV001797,0,10,1404
FEV001798,0,10,1405
FEV001799,0,10,1406
FEV001800,0,10,1407
FEV001801,0,10,1408
FEV001802,0,10,1409
FEV001804,0,10,1410
FEV001805,0,10,1411
FEV001806,0,10,1412
FEV001808,0,10,1413
FEV001809,0,10,1414
FEV001810,0,10,1415
FEV001812,0,10,1416
FEV001813,0,10,1417
FEV001814,0,10,1418
FEV001815,0,10,1419
FEV001816,0,10,1420
FEV001818,0,10,1421
FEV001819,0,10,1422
FEV001821,0,10,1423
FEV001822,0,10,1424
FEV001823,0,10,1425
FEV001826,0,10,1426
FEV001827,0,10,1427
FEV001830,0,10,1428
FEV001831,0,10,1429
FEV001832,0,10,1430
FEV001833,0,10,1431
FEV001834,0,10,1432
FEV001836,0,10,1433
FEV001838,0,10,1434
FEV001840,0,10,1435
FEV001841,0,10,1436
FEV001843,0,10,1437
FEV001845,0,10,1438
FEV001847,0,10,1439
FEV001848,0,10,1440
FEV001850,0,10,1441
FEV001851,0,10,1442
FEV001852,0,10,1443
FEV001856,0,10,1444
FEV001859,0,10,1445
FEV001860,0,10,1446
FEV001861,0,10,1447
FEV001862,0,10,1448
FEV001863,0,10,1449
FEV001865,0,10,1450
FEV001867,0,10,1451
FEV001868,0,10,1452
FEV001869,0,10,1453
FEV001870,0,10,1454
FEV001871,0,10,1455
FEV001872,0,10,1456
FEV001873,0,10,1457
FEV001874,0,10,1458
FEV001875,0,10,1459
FEV001876,0,10,1460
FEV001877,0,10,1461
FEV001878,0,10,1462
FEV001879,0,10,1463
FEV001880,0,10,1464
FEV001881,0,10,1465
FEV001882,0,10,1466
FEV001883,0,10,1467
FEV001884,0,10,1468
FEV001885,0,10,1469
FEV001886,0,10,1470
FEV001887,0,10,1471
FEV001889,0,10,1472
FEV001890,0,10,1473
FEV001891,0,10,1474
FEV001892,0,10,1475
FEV001893,0,10,1476
FEV001894,0,10,1477
FEV001895,0,10,1478
FEV001897,0,10,1479
FEV001898,0,10,1480
FEV001899,0,10,1481
FEV001901,0,10,1482
FEV001903,0,10,1483
FEV001904,0,10,1484
FEV001905,0,10,1485
FEV001906,0,10,1486
FEV001908,0,10,1487
FEV001910,0,10,1488
FEV001911,0,10,1489
FEV001912,0,10,1490
FEV001913,0,10,1491
FEV001914,0,10,1492
FEV001915,0,10,1493
FEV001916,0,10,1494
FEV001917,0,10,1495
FEV001919,0,10,1496
FEV001920,0,10,1497
FEV001922,0,10,1498
FEV001923,0,10,1499
FEV001924,0,10,1500
FEV001925,0,10,1501
FEV001926,0,10,1502
FEV001927,0,10,1503
FEV001928,0,10,1504
FEV001929,0,10,1505
FEV001930,0,10,1506
FEV001933,0,10,1507
FEV001934,0,10,1508
FEV001935,0,10,1509
FEV001936,0,10,1510
FEV001937,0,10,1511
FEV001938,0,10,1512
FEV001939,0,10,1513
FEV001940,0,10,1514
FEV001941,0,10,1515
FEV001942,0,10,1516
FEV001943,0,10,1517
FEV001946,0,10,1518
FEV001947,0,10,1519
FEV001948,0,10,1520
FEV001949,0,10,1521
FEV001950,0,10,1522
FEV001951,0,10,1523
FEV001952,0,10,1524
FEV001955,0,10,1525
FEV001957,0,10,1526
FEV001958,0,10,1527
FEV001961,0,10,1528
FEV001962,0,10,1529
FEV001963,0,10,1530
FEV001964,0,10,1531
FEV001965,0,10,1532
FEV001966,0,10,1533
FEV001967,0,10,1534
FEV001968,0,10,1535
FEV001972,0,10,1536
FEV001973,0,10,1537
FEV001974,0,10,1538
FEV001975,0,10,1539
FEV001978,0,10,1540
FEV001979,0,10,1541
FEV001980,0,10,1542
FEV001981,0,10,1543
FEV001984,0,10,1544
FEV001986,0,10,1545
FEV001988,0,10,1546
FEV001990,0,10,1547
FEV001992,0,10,1548
FEV001993,0,10,1549
FEV001994,0,10,1550
FEV001996,0,10,1551
FEV002000,0,10,1552
FEV002002,0,10,1553
FEV002003,0,10,1554
FEV002005,0,10,1555
FEV002006,0,10,1556
FEV002007,0,10,1557
FEV002008,0,10,1558
FEV002010,0,10,1559
FEV002011,0,10,1560
FEV002012,0,10,1561
FEV002013,0,10,1562
FEV002014,0,10,1563
FEV002015,0,10,1564
FEV002016,0,10,1565
FEV002017,0,10,1566
FEV002019,0,10,1567
FEV002020,0,10,1568
FEV002021,0,10,1569
FEV002022,0,10,1570
FEV002023,0,10,1571
FEV002024,0,10,1572
FEV002025,0,10,1573
FEV002026,0,10,1574
FEV002029,0,10,1575
FEV002030,0,10,1576
FEV002031,0,10,1577
FEV002032,0,10,1578
FEV002033,0,10,1579
FEV002034,0,10,1580
FEV002035,0,10,1581
FEV002037,0,10,1582
FEV002038,0,10,1583
FEV002041,0,10,1584
FEV002043,0,10,1585
FEV002044,0,10,1586
FEV002045,0,10,1587
FEV002046,0,10,1588
FEV002047,0,10,1589
FEV002051,0,10,1590
FEV002052,0,10,1591
FEV002053,0,10,1592
FEV002054,0,10,1593
FEV002055,0,10,1594
FEV002058,0,10,1595
FEV002059,0,10,1596
FEV002060,0,10,1597
FEV002064,0,10,1598
FEV002067,0,10,1599
FEV002068,0,10,1600
FEV002069,0,10,1601
FEV002070,0,10,1602
FEV002072,0,10,1603
FEV002073,0,10,1604
FEV002074,0,10,1605
FEV002075,0,10,1606
FEV002077,0,10,1607
FEV002078,0,10,1608
FEV002079,0,10,1609
FEV002081,0,10,1610
FEV002084,0,10,1611
FEV002085,0,10,1612
FEV002086,0,10,1613
FEV002087,0,10,1614
FEV002088,0,10,1615
FEV002089,0,10,1616
FEV002090,0,10,1617
FEV002091,0,10,1618
FEV002092,0,10,1619
FEV002093,0,10,1620
FEV002094,0,10,1621
FEV002095,0,10,1622
FEV002096,0,10,1623
FEV002097,0,10,1624
FEV002098,0,10,1625
FEV002099,0,10,1626
FEV002100,0,10,1627
FEV002101,0,10,1628
FEV002102,0,10,1629
FEV002103,0,10,1630
FEV002104,0,10,1631
FEV002105,0,10,1632
FEV002108,0,10,1633
FEV002109,0,10,1634
FEV002110,0,10,1635
FEV002111,0,10,1636
FEV002112,0,10,1637
FEV002113,0,10,1638
FEV002114,0,10,1639
FEV002115,0,10,1640
FEV002116,0,10,1641
FEV002118,0,10,1642
FEV002119,0,10,1643
FEV002120,0,10,1644
FEV002121,0,10,1645
FEV002122,0,10,1646
FEV002124,0,10,1647
FEV002125,0,10,1648
FEV002127,0,10,1649
FEV002128,0,10,1650
FEV002130,0,10,1651
FEV002131,0,10,1652
FEV002132,0,10,1653
FEV002133,0,10,1654
FEV002134,0,10,1655
FEV002135,0,10,1656
FEV002136,0,10,1657
FEV002138,0,10,1658
FEV002139,0,10,1659
FEV002140,0,10,1660
FEV002141,0,10,1661
FEV002143,0,10,1662
FEV002145,0,10,1663
FEV002146,0,10,1664
FEV002147,0,10,1665
FEV002148,0,10,1666
FEV002149,0,10,1667
FEV002150,0,10,1668
FEV002154,0,10,1669
FEV002155,0,10,1670
FEV002156,0,10,1671
FEV002158,0,10,1672
FEV002163,0,10,1673
FEV002164,0,10,1674
FEV002165,0,10,1675
FEV002167,0,10,1676
FEV002168,0,10,1677
FEV002169,0,10,1678
FEV002170,0,10,1679
FEV002171,0,10,1680
FEV002172,0,10,1681
FEV002173,0,10,1682
FEV002174,0,10,1683
FEV002175,0,10,1684
FEV002176,0,10,1685
FEV002177,0,10,1686
FEV002178,0,10,1687
FEV002179,0,10,1688
FEV002180,0,10,1689
FEV002182,0,10,1690
FEV002183,0,10,1691
FEV002184,0,10,1692
FEV002185,0,10,1693
FEV002186,0,10,1694
FEV002187,0,10,1695
FEV002188,0,10,1696
FEV002190,0,10,1697
FEV002192,0,10,1698
FEV002195,0,10,1699
FEV002196,0,10,1700
FEV002197,0,10,1701
FEV002198,0,10,1702
FEV002200,0,10,1703
FEV002202,0,10,1704
FEV002203,0,10,1705
FEV002207,0,10,1706
FEV002208,0,10,1707
FEV002209,0,10,1708
FEV002210,0,10,1709
FEV002211,0,10,1710
FEV002212,0,10,1711
FEV002213,0,10,1712
FEV002214,0,10,1713
FEV002216,0,10,1714
FEV002217,0,10,1715
FEV002218,0,10,1716
FEV002219,0,10,1717
FEV002221,0,10,1718
FEV002222,0,10,1719
FEV002223,0,10,1720
FEV002224,0,10,1721
FEV002225,0,10,1722
FEV002226,0,10,1723
FEV002227,0,10,1724
FEV002228,0,10,1725
FEV002229,0,10,1726
FEV002230,0,10,1727
FEV002232,0,10,1728
FEV002233,0,10,1729
FEV002234,0,10,1730
FEV002235,0,10,1731
FEV002236,0,10,1732
FEV002237,0,10,1733
FEV002240,0,10,1734
FEV002241,0,10,1735
FEV002242,0,10,1736
FEV002243,0,10,1737
FEV002245,0,10,1738
FEV002246,0,10,1739
FEV002247,0,10,1740
FEV002248,0,10,1741
FEV002249,0,10,1742
FEV002250,0,10,1743
FEV002251,0,10,1744
FEV002252,0,10,1745
FEV002253,0,10,1746
FEV002254,0,10,1747
FEV002255,0,10,1748
FEV002258,0,10,1749
FEV002259,0,10,1750
FEV002260,0,10,1751
FEV002261,0,10,1752
FEV002264,0,10,1753
FEV002265,0,10,1754
FEV002267,0,10,1755
FEV002268,0,10,1756
FEV002269,0,10,1757
FEV002270,0,10,1758
FEV002271,0,10,1759
FEV002273,0,10,1760
FEV002274,0,10,1761
FEV002275,0,10,1762
FEV002276,0,10,1763
FEV002277,0,10,1764
FEV002280,0,10,1765
FEV002281,0,10,1766
FEV002282,0,10,1767
FEV002283,0,10,1768
FEV002284,0,10,1769
FEV002285,0,10,1770
FEV002286,0,10,1771
FEV002288,0,10,1772
FEV002289,0,10,1773
FEV002290,0,10,1774
FEV002291,0,10,1775
FEV002292,0,10,1776
FEV002293,0,10,1777
FEV002294,0,10,1778
FEV002296,0,10,1779
FEV002298,0,10,1780
FEV002299,0,10,1781
FEV002300,0,10,1782
FEV002302,0,10,1783
FEV002303,0,10,1784
FEV002304,0,10,1785
FEV002305,0,10,1786
FEV002306,0,10,1787
FEV002307,0,10,1788
FEV002308,0,10,1789
FEV002309,0,10,1790
FEV002310,0,10,1791
FEV002311,0,10,1792
FEV002312,0,10,1793
FEV002313,0,10,1794
FEV002314,0,10,1795
FEV002315,0,10,1796
FEV002316,0,10,1797
FEV002317,0,10,1798
FEV002318,0,10,1799
FEV002319,0,10,1800
FEV002320,0,10,1801
FEV002321,0,10,1802
FEV002322,0,10,1803
FEV002323,0,10,1804
FEV002324,0,10,1805
FEV002326,0,10,1806
FEV002329,0,10,1807
FEV002330,0,10,1808
FEV002331,0,10,1809
FEV002332,0,10,1810
FEV002334,0,10,1811
FEV002335,0,10,1812
FEV002336,0,10,1813
FEV002338,0,10,1814
FEV002339,0,10,1815
FEV002340,0,10,1816
FEV002341,0,10,1817
FEV002342,0,10,1818
FEV002343,0,10,1819
FEV002345,0,10,1820
FEV002346,0,10,1821
FEV002347,0,10,1822
FEV002348,0,10,1823
FEV002349,0,10,1824
FEV002351,0,10,1825
FEV002352,0,10,1826
FEV002353,0,10,1827
FEV002354,0,10,1828
FEV002355,0,10,1829
FEV002356,0,10,1830
FEV002357,0,10,1831
FEV002358,0,10,1832
FEV002359,0,10,1833
FEV002360,0,10,1834
FEV002361,0,10,1835
FEV002362,0,10,1836
FEV002365,0,10,1837
FEV002366,0,10,1838
FEV002367,0,10,1839
FEV002368,0,10,1840
FEV002370,0,10,1841
FEV002371,0,10,1842
FEV002373,0,10,1843
FEV002374,0,10,1844
FEV002375,0,10,1845
FEV002376,0,10,1846
FEV002378,0,10,1847
FEV002379,0,10,1848
FEV002380,0,10,1849
FEV002381,0,10,1850
FEV002382,0,10,1851
FEV002383,0,10,1852
FEV002384,0,10,1853
FEV002385,0,10,1854
FEV002388,0,10,1855
FEV002389,0,10,1856
FEV002390,0,10,1857
FEV002391,0,10,1858
FEV002393,0,10,1859
FEV002395,0,10,1860
FEV002396,0,10,1861
FEV002397,0,10,1862
FEV002399,0,10,1863
FEV002400,0,10,1864
FEV002401,0,10,1865
FEV002402,0,10,1866
FEV002403,0,10,1867
FEV002404,0,10,1868
FEV002405,0,10,1869
FEV002406,0,10,1870
FEV002407,0,10,1871
FEV002408,0,10,1872
FEV002409,0,10,1873
FEV002410,0,10,1874
FEV002411,0,10,1875
FEV002412,0,10,1876
FEV002413,0,10,1877
FEV002414,0,10,1878
FEV002415,0,10,1879
FEV002416,0,10,1880
FEV002417,0,10,1881
FEV002418,0,10,1882
FEV002419,0,10,1883
FEV002420,0,10,1884
FEV002421,0,10,1885
FEV002422,0,10,1886
FEV002423,0,10,1887
FEV002424,0,10,1888
FEV002425,0,10,1889
FEV002426,0,10,1890
FEV002427,0,10,1891
FEV002429,0,10,1892
FEV002430,0,10,1893
FEV002431,0,10,1894
FEV002432,0,10,1895
FEV002433,0,10,1896
FEV002435,0,10,1897
FEV002437,0,10,1898
FEV002438,0,10,1899
FEV002439,0,10,1900
FEV002440,0,10,1901
FEV002441,0,10,1902
FEV002442,0,10,1903
FEV002443,0,10,1904
FEV002446,0,10,1905
FEV002447,0,10,1906
FEV002448,0,10,1907
FEV002449,0,10,1908
FEV002451,0,10,1909
FEV002452,0,10,1910
FEV002453,0,10,1911
FEV002454,0,10,1912
FEV002457,0,10,1913
FEV002458,0,10,1914
FEV002459,0,10,1915
FEV002460,0,10,1916
FEV002461,0,10,1917
FEV002462,0,10,1918
FEV002463,0,10,1919
FEV002464,0,10,1920
FEV002465,0,10,1921
FEV002466,0,10,1922
FEV002467,0,10,1923
FEV002468,0,10,1924
FEV002469,0,10,1925
FEV002470,0,10,1926
FEV002471,0,10,1927
FEV002472,0,10,1928
FEV002474,0,10,1929
FEV002475,0,10,1930
FEV002476,0,10,1931
FEV002477,0,10,1932
FEV002478,0,10,1933
FEV002479,0,10,1934
FEV002481,0,10,1935
FEV002482,0,10,1936
FEV002484,0,10,1937
FEV002485,0,10,1938
FEV002487,0,10,1939
FEV002488,0,10,1940
FEV002489,0,10,1941
FEV002493,0,10,1942
FEV002494,0,10,1943
FEV002495,0,10,1944
FEV002496,0,10,1945
FEV002497,0,10,1946
FEV002498,0,10,1947
FEV002499,0,10,1948
FEV002500,0,10,1949
FEV002501,0,10,1950
FEV002502,0,10,1951
FEV002504,0,10,1952
FEV002506,0,10,1953
FEV002507,0,10,1954
FEV002508,0,10,1955
FEV002510,0,10,1956
FEV002511,0,10,1957
FEV002513,0,10,1958
FEV002514,0,10,1959
FEV002515,0,10,1960
FEV002516,0,10,1961
FEV002517,0,10,1962
FEV002518,0,10,1963
FEV002519,0,10,1964
FEV002520,0,10,1965
FEV002521,0,10,1966
FEV002522,0,10,1967
FEV002523,0,10,1968
FEV002524,0,10,1969
FEV002526,0,10,1970
FEV002527,0,10,1971
FEV002528,0,10,1972
FEV002529,0,10,1973
FEV002530,0,10,1974
FEV002531,0,10,1975
FEV002532,0,10,1976
FEV002533,0,10,1977
FEV002534,0,10,1978
FEV002535,0,10,1979
FEV002536,0,10,1980
FEV002537,0,10,1981
FEV002541,0,10,1982
FEV002542,0,10,1983
FEV002543,0,10,1984
FEV002544,0,10,1985
FEV002545,0,10,1986
FEV002546,0,10,1987
FEV002548,0,10,1988
FEV002549,0,10,1989
FEV002550,0,10,1990
FEV002551,0,10,1991
FEV002553,0,10,1992
FEV002554,0,10,1993
FEV002555,0,10,1994
FEV002556,0,10,1995
FEV002560,0,10,1996
FEV002562,0,10,1997
FEV002563,0,10,1998
FEV002565,0,10,1999
FEV002567,0,10,2000
FEV002568,0,10,2001
FEV002570,0,10,2002
FEV002571,0,10,2003
FEV002572,0,10,2004
FEV002573,0,10,2005
FEV002574,0,10,2006
FEV002575,0,10,2007
FEV002576,0,10,2008
FEV002577,0,10,2009
FEV002578,0,10,2010
FEV002579,0,10,2011
FEV002580,0,10,2012
FEV002581,0,10,2013
FEV002582,0,10,2014
FEV002583,0,10,2015
FEV002584,0,10,2016
FEV002585,0,10,2017
FEV002586,0,10,2018
FEV002587,0,10,2019
FEV002588,0,10,2020
FEV002589,0,10,2021
FEV002590,0,10,2022
FEV002592,0,10,2023
FEV002593,0,10,2024
FEV002595,0,10,2025
FEV002597,0,10,2026
FEV002599,0,10,2027
FEV002600,0,10,2028
FEV002601,0,10,2029
FEV002602,0,10,2030
FEV002603,0,10,2031
FEV002604,0,10,2032
FEV002605,0,10,2033
FEV002606,0,10,2034
FEV002607,0,10,2035
FEV002608,0,10,2036
FEV002609,0,10,2037
FEV002610,0,10,2038
FEV002611,0,10,2039
FEV002612,0,10,2040
FEV002616,0,10,2041
FEV002618,0,10,2042
FEV002619,0,10,2043
FEV002620,0,10,2044
FEV002621,0,10,2045
FEV002623,0,10,2046
FEV002624,0,10,2047
FEV002625,0,10,2048
FEV002628,0,10,2049
FEV002629,0,10,2050
FEV002630,0,10,2051
FEV002631,0,10,2052
FEV002632,0,10,2053
FEV002633,0,10,2054
FEV002634,0,10,2055
FEV002635,0,10,2056
FEV002637,0,10,2057
FEV002638,0,10,2058
FEV002639,0,10,2059
FEV002640,0,10,2060
FEV002641,0,10,2061
FEV002642,0,10,2062
FEV002643,0,10,2063
FEV002644,0,10,2064
FEV002645,0,10,2065
FEV002647,0,10,2066
FEV002648,0,10,2067
FEV002649,0,10,2068
FEV002650,0,10,2069
FEV002651,0,10,2070
FEV002652,0,10,2071
FEV002653,0,10,2072
FEV002654,0,10,2073
FEV002655,0,10,2074
FEV002656,0,10,2075
FEV002657,0,10,2076
FEV002658,0,10,2077
FEV002659,0,10,2078
FEV002660,0,10,2079
FEV002662,0,10,2080
FEV002663,0,10,2081
FEV002664,0,10,2082
FEV002665,0,10,2083
FEV002666,0,10,2084
FEV002667,0,10,2085
FEV002668,0,10,2086
FEV002669,0,10,2087
FEV002670,0,10,2088
FEV002671,0,10,2089
FEV002672,0,10,2090
FEV002673,0,10,2091
FEV002674,0,10,2092
FEV002677,0,10,2093
FEV002678,0,10,2094
FEV002679,0,10,2095
FEV002681,0,10,2096
FEV002683,0,10,2097
FEV002684,0,10,2098
FEV002685,0,10,2099
FEV002686,0,10,2100
FEV002687,0,10,2101
FEV002688,0,10,2102
FEV002689,0,10,2103
FEV002690,0,10,2104
FEV002692,0,10,2105
FEV002693,0,10,2106
FEV002695,0,10,2107
FEV002697,0,10,2108
FEV002698,0,10,2109
FEV002699,0,10,2110
FEV002700,0,10,2111
FEV002701,0,10,2112
FEV002703,0,10,2113
FEV002705,0,10,2114
FEV002706,0,10,2115
FEV002707,0,10,2116
FEV002708,0,10,2117
FEV002711,0,10,2118
FEV002712,0,10,2119
FEV002715,0,10,2120
FEV002716,0,10,2121
FEV002717,0,10,2122
FEV002719,0,10,2123
FEV002720,0,10,2124
FEV002721,0,10,2125
FEV002722,0,10,2126
FEV002723,0,10,2127
FEV002724,0,10,2128
FEV002726,0,10,2129
FEV002727,0,10,2130
FEV002728,0,10,2131
FEV002729,0,10,2132
FEV002733,0,10,2133
FEV002737,0,10,2134
FEV002738,0,10,2135
FEV002741,0,10,2136
FEV002742,0,10,2137
FEV002743,0,10,2138
FEV002744,0,10,2139
FEV002747,0,10,2140
FEV002749,0,10,2141
FEV002750,0,10,2142
FEV002751,0,10,2143
FEV002752,0,10,2144
FEV002753,0,10,2145
FEV002754,0,10,2146
FEV002755,0,10,2147
FEV002756,0,10,2148
FEV002758,0,10,2149
FEV002759,0,10,2150
FEV002760,0,10,2151
FEV002761,0,10,2152
FEV002764,0,10,2153
FEV002765,0,10,2154
FEV002766,0,10,2155
FEV002768,0,10,2156
FEV002770,0,10,2157
FEV002771,0,10,2158
FEV002773,0,10,2159
FEV002776,0,10,2160
FEV002777,0,10,2161
FEV002779,0,10,2162
FEV002781,0,10,2163
FEV002782,0,10,2164
FEV002785,0,10,2165
FEV002786,0,10,2166
FEV002788,0,10,2167
FEV002789,0,10,2168
FEV002790,0,10,2169
FEV002792,0,10,2170
FEV002793,0,10,2171
FEV002794,0,10,2172
FEV002795,0,10,2173
FEV002796,0,10,2174
FEV002797,0,10,2175
FEV002799,0,10,2176
FEV002800,0,10,2177
FEV002801,0,10,2178
FEV002803,0,10,2179
FEV002804,0,10,2180
FEV002805,0,10,2181
FEV002806,0,10,2182
FEV002808,0,10,2183
FEV002810,0,10,2184
FEV002811,0,10,2185
FEV002813,0,10,2186
FEV002814,0,10,2187
FEV002816,0,10,2188
FEV002818,0,10,2189
FEV002819,0,10,2190
FEV002820,0,10,2191
FEV002821,0,10,2192
FEV002822,0,10,2193
FEV002823,0,10,2194
FEV002826,0,10,2195
FEV002827,0,10,2196
FEV002828,0,10,2197
FEV002829,0,10,2198
FEV002830,0,10,2199
FEV002831,0,10,2200
FEV002834,0,10,2201
FEV002835,0,10,2202
FEV002836,0,10,2203
FEV002837,0,10,2204
FEV002838,0,10,2205
FEV002841,0,10,2206
FEV002842,0,10,2207
FEV002843,0,10,2208
FEV002844,0,10,2209
FEV002845,0,10,2210
FEV002846,0,10,2211
FEV002847,0,10,2212
FEV002848,0,10,2213
FEV002849,0,10,2214
FEV002851,0,10,2215
FEV002852,0,10,2216
FEV002853,0,10,2217
FEV002855,0,10,2218
FEV002856,0,10,2219
FEV002857,0,10,2220
FEV002858,0,10,2221
FEV002859,0,10,2222
FEV002860,0,10,2223
FEV002861,0,10,2224
FEV002863,0,10,2225
FEV002864,0,10,2226
FEV002865,0,10,2227
FEV002866,0,10,2228
FEV002867,0,10,2229
FEV002868,0,10,2230
FEV002869,0,10,2231
FEV002874,0,10,2232
FEV002875,0,10,2233
FEV002876,0,10,2234
FEV002877,0,10,2235
FEV002878,0,10,2236
FEV002880,0,10,2237
FEV002881,0,10,2238
FEV002882,0,10,2239
FEV002883,0,10,2240
FEV002884,0,10,2241
FEV002885,0,10,2242
FEV002886,0,10,2243
FEV002887,0,10,2244
FEV002888,0,10,2245
FEV002890,0,10,2246
FEV002891,0,10,2247
FEV002893,0,10,2248
FEV002894,0,10,2249
FEV002895,0,10,2250
FEV002896,0,10,2251
FEV002898,0,10,2252
FEV002900,0,10,2253
FEV002901,0,10,2254
FEV002903,0,10,2255
FEV002904,0,10,2256
FEV002906,0,10,2257
FEV002907,0,10,2258
FEV002908,0,10,2259
FEV002909,0,10,2260
FEV002910,0,10,2261
FEV002911,0,10,2262
FEV002914,0,10,2263
FEV002916,0,10,2264
FEV002917,0,10,2265
FEV002918,0,10,2266
FEV002919,0,10,2267
FEV002921,0,10,2268
FEV002922,0,10,2269
FEV002923,0,10,2270
FEV002925,0,10,2271
FEV002926,0,10,2272
FEV002927,0,10,2273
FEV002928,0,10,2274
FEV002930,0,10,2275
FEV002931,0,10,2276
FEV002933,0,10,2277
FEV002935,0,10,2278
FEV002937,0,10,2279
FEV002938,0,10,2280
FEV002940,0,10,2281
FEV002941,0,10,2282
FEV002942,0,10,2283
FEV002943,0,10,2284
FEV002944,0,10,2285
FEV002945,0,10,2286
FEV002946,0,10,2287
FEV002947,0,10,2288
FEV002949,0,10,2289
FEV002950,0,10,2290
FEV002952,0,10,2291
FEV002953,0,10,2292
FEV002954,0,10,2293
FEV002955,0,10,2294
FEV002956,0,10,2295
FEV002958,0,10,2296
FEV002961,0,10,2297
FEV002963,0,10,2298
FEV002964,0,10,2299
FEV002965,0,10,2300
FEV002967,0,10,2301
FEV002969,0,10,2302
FEV002970,0,10,2303
FEV002971,0,10,2304
FEV002972,0,10,2305
FEV002973,0,10,2306
FEV002974,0,10,2307
FEV002975,0,10,2308
FEV002978,0,10,2309
FEV002979,0,10,2310
FEV002980,0,10,2311
FEV002981,0,10,2312
FEV002982,0,10,2313
FEV002984,0,10,2314
FEV002985,0,10,2315
FEV002986,0,10,2316
FEV002987,0,10,2317
FEV002988,0,10,2318
FEV002989,0,10,2319
FEV002990,0,10,2320
FEV002991,0,10,2321
FEV002992,0,10,2322
FEV002993,0,10,2323
FEV002995,0,10,2324
FEV002996,0,10,2325
FEV002997,0,10,2326
FEV002998,0,10,2327
FEV002999,0,10,2328
FEV003001,0,10,2329
FEV003002,0,10,2330
FEV003003,0,10,2331
FEV003004,0,10,2332
FEV003005,0,10,2333
FEV003007,0,10,2334
FEV003008,0,10,2335
FEV003009,0,10,2336
FEV003011,0,10,2337
FEV003012,0,10,2338
FEV003013,0,10,2339
FEV003014,0,10,2340
FEV003015,0,10,2341
FEV003016,0,10,2342
FEV003017,0,10,2343
FEV003018,0,10,2344
FEV003019,0,10,2345
FEV003021,0,10,2346
FEV003022,0,10,2347
FEV003023,0,10,2348
FEV003024,0,10,2349
FEV003025,0,10,2350
FEV003026,0,10,2351
FEV003027,0,10,2352
FEV003028,0,10,2353
FEV003029,0,10,2354
FEV003030,0,10,2355
FEV003033,0,10,2356
FEV003034,0,10,2357
FEV003035,0,10,2358
FEV003036,0,10,2359
FEV003037,0,10,2360
FEV003039,0,10,2361
FEV003040,0,10,2362
FEV003041,0,10,2363
FEV003042,0,10,2364
FEV003043,0,10,2365
FEV003044,0,10,2366
FEV003045,0,10,2367
FEV003046,0,10,2368
FEV003047,0,10,2369
FEV003048,0,10,2370
FEV003049,0,10,2371
FEV003050,0,10,2372
FEV003051,0,10,2373
FEV003053,0,10,2374
FEV003054,0,10,2375
FEV003056,0,10,2376
FEV003059,0,10,2377
FEV003062,0,10,2378
FEV003063,0,10,2379
FEV003064,0,10,2380
FEV003065,0,10,2381
FEV003066,0,10,2382
FEV003067,0,10,2383
FEV003071,0,10,2384
FEV003072,0,10,2385
FEV003075,0,10,2386
FEV003076,0,10,2387
FEV003077,0,10,2388
FEV003078,0,10,2389
FEV003079,0,10,2390
FEV003081,0,10,2391
FEV003082,0,10,2392
FEV003083,0,10,2393
FEV003084,0,10,2394
FEV003085,0,10,2395
FEV003086,0,10,2396
FEV003089,0,10,2397
FEV003090,0,10,2398
FEV003092,0,10,2399
FEV003094,0,10,2400
FEV003095,0,10,2401
FEV003096,0,10,2402
FEV003097,0,10,2403
FEV003098,0,10,2404
FEV003099,0,10,2405
FEV003101,0,10,2406
FEV003102,0,10,2407
FEV003103,0,10,2408
FEV003104,0,10,2409
FEV003106,0,10,2410
FEV003107,0,10,2411
FEV003108,0,10,2412
FEV003110,0,10,2413
FEV003112,0,10,2414
FEV003113,0,10,2415
FEV003114,0,10,2416
FEV003115,0,10,2417
FEV003116,0,10,2418
FEV003117,0,10,2419
FEV003120,0,10,2420
FEV003122,0,10,2421
FEV003124,0,10,2422
FEV003126,0,10,2423
FEV003127,0,10,2424
FEV003128,0,10,2425
FEV003129,0,10,2426
FEV003130,0,10,2427
FEV003131,0,10,2428
FEV003132,0,10,2429
FEV003133,0,10,2430
FEV003135,0,10,2431
FEV003136,0,10,2432
FEV003138,0,10,2433
FEV003139,0,10,2434
FEV003140,0,10,2435
FEV003143,0,10,2436
FEV003144,0,10,2437
FEV003145,0,10,2438
FEV003146,0,10,2439
FEV003149,0,10,2440
FEV003150,0,10,2441
FEV003151,0,10,2442
FEV003152,0,10,2443
FEV003155,0,10,2444
FEV003156,0,10,2445
FEV003159,0,10,2446
FEV003160,0,10,2447
FEV003161,0,10,2448
FEV003162,0,10,2449
FEV003163,0,10,2450
FEV003164,0,10,2451
FEV003165,0,10,2452
FEV003166,0,10,2453
FEV003167,0,10,2454
FEV003168,0,10,2455
FEV003169,0,10,2456
FEV003170,0,10,2457
FEV003173,0,10,2458
FEV003174,0,10,2459
FEV003175,0,10,2460
FEV003177,0,10,2461
FEV003179,0,10,2462
FEV003180,0,10,2463
FEV003181,0,10,2464
FEV003182,0,10,2465
FEV003183,0,10,2466
FEV003185,0,10,2467
FEV003186,0,10,2468
FEV003188,0,10,2469
FEV003189,0,10,2470
FEV003190,0,10,2471
FEV003193,0,10,2472
FEV003194,0,10,2473
FEV003195,0,10,2474
FEV003196,0,10,2475
FEV003197,0,10,2476
FEV003198,0,10,2477
FEV003199,0,10,2478
FEV003200,0,10,2479
FEV003201,0,10,2480
FEV003202,0,10,2481
FEV003204,0,10,2482
FEV003205,0,10,2483
FEV003207,0,10,2484
FEV003208,0,10,2485
FEV003209,0,10,2486
FEV003210,0,10,2487
FEV003211,0,10,2488
FEV003212,0,10,2489
FEV003214,0,10,2490
FEV003215,0,10,2491
FEV003216,0,10,2492
FEV003217,0,10,2493
FEV003218,0,10,2494
FEV003219,0,10,2495
FEV003221,0,10,2496
FEV003222,0,10,2497
FEV003224,0,10,2498
FEV003225,0,10,2499
FEV003226,0,10,2500
FEV003227,0,10,2501
FEV003228,0,10,2502
FEV003230,0,10,2503
FEV003231,0,10,2504
FEV003232,0,10,2505
FEV003233,0,10,2506
FEV003234,0,10,2507
FEV003236,0,10,2508
FEV003238,0,10,2509
FEV003239,0,10,2510
FEV003240,0,10,2511
FEV003241,0,10,2512
FEV003242,0,10,2513
FEV003244,0,10,2514
FEV003245,0,10,2515
FEV003246,0,10,2516
FEV003247,0,10,2517
FEV003248,0,10,2518
FEV003249,0,10,2519
FEV003250,0,10,2520
FEV003251,0,10,2521
FEV003253,0,10,2522
FEV003254,0,10,2523
FEV003255,0,10,2524
FEV003257,0,10,2525
FEV003258,0,10,2526
FEV003259,0,10,2527
FEV003260,0,10,2528
FEV003261,0,10,2529
FEV003263,0,10,2530
FEV003264,0,10,2531
FEV003265,0,10,2532
FEV003266,0,10,2533
FEV003269,0,10,2534
FEV003270,0,10,2535
FEV003271,0,10,2536
FEV003272,0,10,2537
FEV003274,0,10,2538
FEV003275,0,10,2539
FEV003276,0,10,2540
FEV003277,0,10,2541
FEV003278,0,10,2542
FEV003280,0,10,2543
FEV003281,0,10,2544
FEV003283,0,10,2545
FEV003286,0,10,2546
FEV003287,0,10,2547
FEV003289,0,10,2548
FEV003290,0,10,2549
FEV003291,0,10,2550
FEV003292,0,10,2551
FEV003293,0,10,2552
FEV003296,0,10,2553
FEV003297,0,10,2554
FEV003298,0,10,2555
FEV003299,0,10,2556
FEV003300,0,10,2557
FEV003304,0,10,2558
FEV003306,0,10,2559
FEV003307,0,10,2560
FEV003308,0,10,2561
FEV003309,0,10,2562
FEV003310,0,10,2563
FEV003312,0,10,2564
FEV003313,0,10,2565
FEV003314,0,10,2566
FEV003316,0,10,2567
FEV003317,0,10,2568
FEV003318,0,10,2569
FEV003319,0,10,2570
FEV003320,0,10,2571
FEV003321,0,10,2572
FEV003322,0,10,2573
FEV003323,0,10,2574
FEV003324,0,10,2575
FEV003327,0,10,2576
FEV003329,0,10,2577
FEV003330,0,10,2578
FEV003332,0,10,2579
FEV003333,0,10,2580
FEV003334,0,10,2581
FEV003335,0,10,2582
FEV003337,0,10,2583
FEV003338,0,10,2584
FEV003339,0,10,2585
FEV003340,0,10,2586
FEV003341,0,10,2587
FEV003342,0,10,2588
FEV003345,0,10,2589
FEV003347,0,10,2590
FEV003348,0,10,2591
FEV003350,0,10,2592
FEV003351,0,10,2593
FEV003352,0,10,2594
FEV003353,0,10,2595
FEV003354,0,10,2596
FEV003356,0,10,2597
FEV003358,0,10,2598
FEV003359,0,10,2599
FEV003360,0,10,2600
FEV003361,0,10,2601
FEV003362,0,10,2602
FEV003363,0,10,2603
FEV003364,0,10,2604
FEV003365,0,10,2605
FEV003366,0,10,2606
FEV003367,0,10,2607
FEV003371,0,10,2608
FEV003372,0,10,2609
FEV003373,0,10,2610
FEV003376,0,10,2611
FEV003378,0,10,2612
FEV003379,0,10,2613
FEV003380,0,10,2614
FEV003381,0,10,2615
FEV003382,0,10,2616
FEV003383,0,10,2617
FEV003384,0,10,2618
FEV003385,0,10,2619
FEV003387,0,10,2620
FEV003388,0,10,2621
FEV003389,0,10,2622
FEV003391,0,10,2623
FEV003393,0,10,2624
FEV003394,0,10,2625
FEV003396,0,10,2626
FEV003397,0,10,2627
FEV003399,0,10,2628
FEV003400,0,10,2629
FEV003401,0,10,2630
FEV003402,0,10,2631
FEV003403,0,10,2632
FEV003404,0,10,2633
FEV003405,0,10,2634
FEV003406,0,10,2635
FEV003407,0,10,2636
FEV003408,0,10,2637
FEV003409,0,10,2638
FEV003410,0,10,2639
FEV003411,0,10,2640
FEV003412,0,10,2641
FEV003413,0,10,2642
FEV003414,0,10,2643
FEV003415,0,10,2644
FEV003416,0,10,2645
FEV003417,0,10,2646
FEV003419,0,10,2647
FEV003423,0,10,2648
FEV003424,0,10,2649
FEV003425,0,10,2650
FEV003426,0,10,2651
FEV003427,0,10,2652
FEV003428,0,10,2653
FEV003429,0,10,2654
FEV003430,0,10,2655
FEV003431,0,10,2656
FEV003432,0,10,2657
FEV003434,0,10,2658
FEV003435,0,10,2659
FEV003436,0,10,2660
FEV003438,0,10,2661
FEV003439,0,10,2662
FEV003440,0,10,2663
FEV003442,0,10,2664
FEV003443,0,10,2665
FEV003444,0,10,2666
FEV003448,0,10,2667
FEV003451,0,10,2668
FEV003454,0,10,2669
FEV003455,0,10,2670
FEV003456,0,10,2671
FEV003457,0,10,2672
FEV003459,0,10,2673
FEV003460,0,10,2674
FEV003461,0,10,2675
FEV003464,0,10,2676
FEV003465,0,10,2677
FEV003467,0,10,2678
FEV003468,0,10,2679
FEV003469,0,10,2680
FEV003470,0,10,2681
FEV003471,0,10,2682
FEV003472,0,10,2683
FEV003474,0,10,2684
FEV003476,0,10,2685
FEV003478,0,10,2686
FEV003479,0,10,2687
FEV003480,0,10,2688
FEV003481,0,10,2689
FEV003482,0,10,2690
FEV003483,0,10,2691
FEV003484,0,10,2692
FEV003485,0,10,2693
FEV003486,0,10,2694
FEV003488,0,10,2695
FEV003489,0,10,2696
FEV003490,0,10,2697
FEV003492,0,10,2698
FEV003493,0,10,2699
FEV003494,0,10,2700
FEV003495,0,10,2701
FEV003497,0,10,2702
FEV003498,0,10,2703
FEV003500,0,10,2704
FEV003501,0,10,2705
FEV003504,0,10,2706
FEV003506,0,10,2707
FEV003509,0,10,2708
FEV003510,0,10,2709
FEV003512,0,10,2710
FEV003514,0,10,2711
FEV003516,0,10,2712
FEV003517,0,10,2713
FEV003520,0,10,2714
FEV003521,0,10,2715
FEV003522,0,10,2716
FEV003524,0,10,2717
FEV003525,0,10,2718
FEV003526,0,10,2719
FEV003527,0,10,2720
FEV003528,0,10,2721
FEV003529,0,10,2722
FEV003530,0,10,2723
FEV003533,0,10,2724
FEV003535,0,10,2725
FEV003536,0,10,2726
FEV003537,0,10,2727
FEV003538,0,10,2728
FEV003539,0,10,2729
FEV003540,0,10,2730
FEV003541,0,10,2731
FEV003542,0,10,2732
FEV003543,0,10,2733
FEV003544,0,10,2734
FEV003545,0,10,2735
FEV003546,0,10,2736
FEV003549,0,10,2737
FEV003550,0,10,2738
FEV003551,0,10,2739
FEV003552,0,10,2740
FEV003553,0,10,2741
FEV003554,0,10,2742
FEV003555,0,10,2743
FEV003556,0,10,2744
FEV003558,0,10,2745
FEV003559,0,10,2746
FEV003560,0,10,2747
FEV003561,0,10,2748
FEV003563,0,10,2749
FEV003564,0,10,2750
FEV003565,0,10,2751
FEV003566,0,10,2752
FEV003567,0,10,2753
FEV003568,0,10,2754
FEV003570,0,10,2755
FEV003571,0,10,2756
FEV003572,0,10,2757
FEV003574,0,10,2758
FEV003575,0,10,2759
FEV003576,0,10,2760
FEV003577,0,10,2761
FEV003579,0,10,2762
FEV003581,0,10,2763
FEV003584,0,10,2764
FEV003586,0,10,2765
FEV003587,0,10,2766
FEV003588,0,10,2767
FEV003589,0,10,2768
FEV003590,0,10,2769
FEV003591,0,10,2770
FEV003592,0,10,2771
FEV003593,0,10,2772
FEV003594,0,10,2773
FEV003596,0,10,2774
FEV003599,0,10,2775
FEV003602,0,10,2776
FEV003604,0,10,2777
FEV003605,0,10,2778
FEV003606,0,10,2779
FEV003607,0,10,2780
FEV003608,0,10,2781
FEV003609,0,10,2782
FEV003610,0,10,2783
FEV003611,0,10,2784
FEV003612,0,10,2785
FEV003613,0,10,2786
FEV003614,0,10,2787
FEV003615,0,10,2788
FEV003617,0,10,2789
FEV003618,0,10,2790
FEV003619,0,10,2791
FEV003620,0,10,2792
FEV003621,0,10,2793
FEV003622,0,10,2794
FEV003623,0,10,2795
FEV003624,0,10,2796
FEV003625,0,10,2797
FEV003626,0,10,2798
FEV003627,0,10,2799
FEV003629,0,10,2800
FEV003630,0,10,2801
FEV003631,0,10,2802
FEV003632,0,10,2803
FEV003633,0,10,2804
FEV003634,0,10,2805
FEV003635,0,10,2806
FEV003636,0,10,2807
FEV003639,0,10,2808
FEV003640,0,10,2809
FEV003641,0,10,2810
FEV003642,0,10,2811
FEV003643,0,10,2812
FEV003647,0,10,2813
FEV003648,0,10,2814
FEV003649,0,10,2815
FEV003650,0,10,2816
FEV003651,0,10,2817
FEV003652,0,10,2818
FEV003653,0,10,2819
FEV003654,0,10,2820
FEV003655,0,10,2821
FEV003656,0,10,2822
FEV003657,0,10,2823
FEV003658,0,10,2824
FEV003659,0,10,2825
FEV003660,0,10,2826
FEV003661,0,10,2827
FEV003662,0,10,2828
FEV003663,0,10,2829
FEV003664,0,10,2830
FEV003665,0,10,2831
FEV003666,0,10,2832
FEV003669,0,10,2833
FEV003670,0,10,2834
FEV003671,0,10,2835
FEV003672,0,10,2836
FEV003674,0,10,2837
FEV003675,0,10,2838
FEV003677,0,10,2839
FEV003679,0,10,2840
FEV003680,0,10,2841
FEV003681,0,10,2842
FEV003682,0,10,2843
FEV003683,0,10,2844
FEV003684,0,10,2845
FEV003685,0,10,2846
FEV003686,0,10,2847
FEV003687,0,10,2848
FEV003689,0,10,2849
FEV003690,0,10,2850
FEV003691,0,10,2851
FEV003692,0,10,2852
FEV003693,0,10,2853
FEV003694,0,10,2854
FEV003695,0,10,2855
FEV003698,0,10,2856
FEV003699,0,10,2857
FEV003700,0,10,2858
FEV003701,0,10,2859
FEV003703,0,10,2860
FEV003704,0,10,2861
FEV003705,0,10,2862
FEV003706,0,10,2863
FEV003707,0,10,2864
FEV003708,0,10,2865
FEV003709,0,10,2866
FEV003711,0,10,2867
FEV003712,0,10,2868
FEV003713,0,10,2869
FEV003715,0,10,2870
FEV003716,0,10,2871
FEV003717,0,10,2872
FEV003718,0,10,2873
FEV003719,0,10,2874
FEV003721,0,10,2875
FEV003722,0,10,2876
FEV003723,0,10,2877
FEV003725,0,10,2878
FEV003726,0,10,2879
FEV003727,0,10,2880
FEV003728,0,10,2881
FEV003729,0,10,2882
FEV003730,0,10,2883
FEV003732,0,10,2884
FEV003733,0,10,2885
FEV003734,0,10,2886
FEV003735,0,10,2887
FEV003738,0,10,2888
FEV003739,0,10,2889
FEV003740,0,10,2890
FEV003741,0,10,2891
FEV003742,0,10,2892
FEV003743,0,10,2893
FEV003746,0,10,2894
FEV003748,0,10,2895
FEV003751,0,10,2896
FEV003752,0,10,2897
FEV003753,0,10,2898
FEV003754,0,10,2899
FEV003755,0,10,2900
FEV003756,0,10,2901
FEV003758,0,10,2902
FEV003759,0,10,2903
FEV003760,0,10,2904
FEV003761,0,10,2905
FEV003762,0,10,2906
FEV003765,0,10,2907
FEV003766,0,10,2908
FEV003768,0,10,2909
FEV003769,0,10,2910
FEV003771,0,10,2911
FEV003772,0,10,2912
FEV003774,0,10,2913
FEV003775,0,10,2914
FEV003777,0,10,2915
FEV003779,0,10,2916
FEV003780,0,10,2917
FEV003781,0,10,2918
FEV003783,0,10,2919
FEV003784,0,10,2920
FEV003785,0,10,2921
FEV003786,0,10,2922
FEV003787,0,10,2923
FEV003788,0,10,2924
FEV003789,0,10,2925
FEV003790,0,10,2926
FEV003791,0,10,2927
FEV003793,0,10,2928
FEV003794,0,10,2929
FEV003795,0,10,2930
FEV003796,0,10,2931
FEV003797,0,10,2932
FEV003800,0,10,2933
FEV003801,0,10,2934
FEV003802,0,10,2935
FEV003803,0,10,2936
FEV003804,0,10,2937
FEV003805,0,10,2938
FEV003806,0,10,2939
FEV003807,0,10,2940
FEV003808,0,10,2941
FEV003809,0,10,2942
FEV003810,0,10,2943
FEV003811,0,10,2944
FEV003812,0,10,2945
FEV003814,0,10,2946
FEV003815,0,10,2947
FEV003816,0,10,2948
FEV003817,0,10,2949
FEV003818,0,10,2950
FEV003820,0,10,2951
FEV003821,0,10,2952
FEV003822,0,10,2953
FEV003823,0,10,2954
FEV003825,0,10,2955
FEV003826,0,10,2956
FEV003827,0,10,2957
FEV003828,0,10,2958
FEV003829,0,10,2959
FEV003830,0,10,2960
FEV003831,0,10,2961
FEV003832,0,10,2962
FEV003833,0,10,2963
FEV003834,0,10,2964
FEV003835,0,10,2965
FEV003836,0,10,2966
FEV003837,0,10,2967
FEV003838,0,10,2968
FEV003839,0,10,2969
FEV003840,0,10,2970
FEV003842,0,10,2971
FEV003843,0,10,2972
FEV003845,0,10,2973
FEV003846,0,10,2974
FEV003847,0,10,2975
FEV003849,0,10,2976
FEV003853,0,10,2977
FEV003854,0,10,2978
FEV003856,0,10,2979
FEV003857,0,10,2980
FEV003858,0,10,2981
FEV003859,0,10,2982
FEV003860,0,10,2983
FEV003861,0,10,2984
FEV003862,0,10,2985
FEV003863,0,10,2986
FEV003865,0,10,2987
FEV003866,0,10,2988
FEV003867,0,10,2989
FEV003868,0,10,2990
FEV003869,0,10,2991
FEV003870,0,10,2992
FEV003871,0,10,2993
FEV003872,0,10,2994
FEV003873,0,10,2995
FEV003874,0,10,2996
FEV003875,0,10,2997
FEV003876,0,10,2998
FEV003878,0,10,2999
FEV003879,0,10,3000
FEV003880,0,10,3001
FEV003881,0,10,3002
FEV003882,0,10,3003
FEV003883,0,10,3004
FEV003884,0,10,3005
FEV003886,0,10,3006
FEV003887,0,10,3007
FEV003888,0,10,3008
FEV003889,0,10,3009
FEV003890,0,10,3010
FEV003892,0,10,3011
FEV003893,0,10,3012
FEV003894,0,10,3013
FEV003895,0,10,3014
FEV003896,0,10,3015
FEV003897,0,10,3016
FEV003898,0,10,3017
FEV003899,0,10,3018
FEV003900,0,10,3019
FEV003902,0,10,3020
FEV003903,0,10,3021
FEV003904,0,10,3022
FEV003905,0,10,3023
FEV003906,0,10,3024
FEV003907,0,10,3025
FEV003908,0,10,3026
FEV003909,0,10,3027
FEV003910,0,10,3028
FEV003911,0,10,3029
FEV003912,0,10,3030
FEV003913,0,10,3031
FEV003915,0,10,3032
FEV003916,0,10,3033
FEV003917,0,10,3034
FEV003918,0,10,3035
FEV003919,0,10,3036
FEV003920,0,10,3037
FEV003921,0,10,3038
FEV003922,0,10,3039
FEV003923,0,10,3040
FEV003925,0,10,3041
FEV003927,0,10,3042
FEV003928,0,10,3043
FEV003929,0,10,3044
FEV003930,0,10,3045
FEV003931,0,10,3046
FEV003932,0,10,3047
FEV003933,0,10,3048
FEV003934,0,10,3049
FEV003935,0,10,3050
FEV003936,0,10,3051
FEV003937,0,10,3052
FEV003938,0,10,3053
FEV003939,0,10,3054
FEV003940,0,10,3055
FEV003941,0,10,3056
FEV003942,0,10,3057
FEV003943,0,10,3058
FEV003945,0,10,3059
FEV003946,0,10,3060
FEV003947,0,10,3061
FEV003948,0,10,3062
FEV003949,0,10,3063
FEV003950,0,10,3064
FEV003952,0,10,3065
FEV003955,0,10,3066
FEV003956,0,10,3067
FEV003957,0,10,3068
FEV003958,0,10,3069
FEV003959,0,10,3070
FEV003960,0,10,3071
FEV003961,0,10,3072
FEV003962,0,10,3073
FEV003964,0,10,3074
FEV003965,0,10,3075
FEV003966,0,10,3076
FEV003967,0,10,3077
FEV003968,0,10,3078
FEV003969,0,10,3079
FEV003971,0,10,3080
FEV003972,0,10,3081
FEV003973,0,10,3082
FEV003974,0,10,3083
FEV003976,0,10,3084
FEV003977,0,10,3085
FEV003978,0,10,3086
FEV003979,0,10,3087
FEV003980,0,10,3088
FEV003981,0,10,3089
FEV003983,0,10,3090
FEV003985,0,10,3091
FEV003986,0,10,3092
FEV003987,0,10,3093
FEV003989,0,10,3094
FEV003990,0,10,3095
FEV003991,0,10,3096
FEV003993,0,10,3097
FEV003995,0,10,3098
FEV003996,0,10,3099
FEV003997,0,10,3100
FEV003998,0,10,3101
FEV003999,0,10,3102
FEV004000,0,10,3103
FEV004002,0,10,3104
FEV004003,0,10,3105
FEV004004,0,10,3106
FEV004005,0,10,3107
FEV004006,0,10,3108
FEV004007,0,10,3109
FEV004009,0,10,3110
FEV004010,0,10,3111
FEV004011,0,10,3112
FEV004012,0,10,3113
FEV004013,0,10,3114
FEV004014,0,10,3115
FEV004016,0,10,3116
FEV004017,0,10,3117
FEV004018,0,10,3118
FEV004020,0,10,3119
FEV004021,0,10,3120
FEV004023,0,10,3121
FEV004024,0,10,3122
FEV004025,0,10,3123
FEV004026,0,10,3124
FEV004027,0,10,3125
FEV004029,0,10,3126
FEV004031,0,10,3127
FEV004032,0,10,3128
FEV004033,0,10,3129
FEV004035,0,10,3130
FEV004036,0,10,3131
FEV004037,0,10,3132
FEV004038,0,10,3133
FEV004039,0,10,3134
FEV004040,0,10,3135
FEV004041,0,10,3136
FEV004042,0,10,3137
FEV004044,0,10,3138
FEV004045,0,10,3139
FEV004047,0,10,3140
FEV004048,0,10,3141
FEV004049,0,10,3142
FEV004050,0,10,3143
FEV004051,0,10,3144
FEV004052,0,10,3145
FEV004053,0,10,3146
FEV004054,0,10,3147
FEV004055,0,10,3148
FEV004056,0,10,3149
FEV004057,0,10,3150
FEV004059,0,10,3151
FEV004060,0,10,3152
FEV004061,0,10,3153
FEV004063,0,10,3154
FEV004064,0,10,3155
FEV004066,0,10,3156
FEV004067,0,10,3157
FEV004069,0,10,3158
FEV004070,0,10,3159
FEV004072,0,10,3160
FEV004073,0,10,3161
FEV004074,0,10,3162
FEV004075,0,10,3163
FEV004076,0,10,3164
FEV004077,0,10,3165
FEV004078,0,10,3166
FEV004079,0,10,3167
FEV004081,0,10,3168
FEV004082,0,10,3169
FEV004083,0,10,3170
FEV004084,0,10,3171
FEV004085,0,10,3172
FEV004086,0,10,3173
FEV004087,0,10,3174
FEV004088,0,10,3175
FEV004089,0,10,3176
FEV004090,0,10,3177
FEV004092,0,10,3178
FEV004093,0,10,3179
FEV004094,0,10,3180
FEV004095,0,10,3181
FEV004096,0,10,3182
FEV004097,0,10,3183
FEV004099,0,10,3184
FEV004100,0,10,3185
FEV004101,0,10,3186
FEV004102,0,10,3187
FEV004103,0,10,3188
FEV004104,0,10,3189
FEV004105,0,10,3190
FEV004106,0,10,3191
FEV004109,0,10,3192
FEV004110,0,10,3193
FEV004111,0,10,3194
FEV004112,0,10,3195
FEV004113,0,10,3196
FEV004114,0,10,3197
FEV004115,0,10,3198
FEV004117,0,10,3199
FEV004119,0,10,3200
FEV004120,0,10,3201
FEV004122,0,10,3202
FEV004123,0,10,3203
FEV004125,0,10,3204
FEV004126,0,10,3205
FEV004127,0,10,3206
FEV004128,0,10,3207
FEV004129,0,10,3208
FEV004130,0,10,3209
FEV004131,0,10,3210
FEV004134,0,10,3211
FEV004136,0,10,3212
FEV004138,0,10,3213
FEV004140,0,10,3214
FEV004141,0,10,3215
FEV004142,0,10,3216
FEV004145,0,10,3217
FEV004146,0,10,3218
FEV004148,0,10,3219
FEV004150,0,10,3220
FEV004152,0,10,3221
FEV004153,0,10,3222
FEV004154,0,10,3223
FEV004155,0,10,3224
FEV004156,0,10,3225
FEV004158,0,10,3226
FEV004160,0,10,3227
FEV004161,0,10,3228
FEV004162,0,10,3229
FEV004163,0,10,3230
FEV004164,0,10,3231
FEV004166,0,10,3232
FEV004167,0,10,3233
FEV004168,0,10,3234
FEV004169,0,10,3235
FEV004170,0,10,3236
FEV004173,0,10,3237
FEV004174,0,10,3238
FEV004175,0,10,3239
FEV004177,0,10,3240
FEV004180,0,10,3241
FEV004181,0,10,3242
FEV004182,0,10,3243
FEV004183,0,10,3244
FEV004184,0,10,3245
FEV004185,0,10,3246
FEV004188,0,10,3247
FEV004190,0,10,3248
FEV004191,0,10,3249
FEV004193,0,10,3250
FEV004194,0,10,3251
FEV004195,0,10,3252
FEV004196,0,10,3253
FEV004197,0,10,3254
FEV004198,0,10,3255
FEV004199,0,10,3256
FEV004201,0,10,3257
FEV004204,0,10,3258
FEV004205,0,10,3259
FEV004206,0,10,3260
FEV004208,0,10,3261
FEV004210,0,10,3262
FEV004211,0,10,3263
FEV004212,0,10,3264
FEV004214,0,10,3265
FEV004215,0,10,3266
FEV004216,0,10,3267
FEV004217,0,10,3268
FEV004218,0,10,3269
FEV004220,0,10,3270
FEV004221,0,10,3271
FEV004222,0,10,3272
FEV004223,0,10,3273
FEV004225,0,10,3274
FEV004227,0,10,3275
FEV004229,0,10,3276
FEV004230,0,10,3277
FEV004231,0,10,3278
FEV004232,0,10,3279
FEV004233,0,10,3280
FEV004234,0,10,3281
FEV004236,0,10,3282
FEV004237,0,10,3283
FEV004238,0,10,3284
FEV004239,0,10,3285
FEV004240,0,10,3286
FEV004241,0,10,3287
FEV004242,0,10,3288
FEV004245,0,10,3289
FEV004246,0,10,3290
FEV004247,0,10,3291
FEV004248,0,10,3292
FEV004249,0,10,3293
FEV004251,0,10,3294
FEV004253,0,10,3295
FEV004254,0,10,3296
FEV004255,0,10,3297
FEV004256,0,10,3298
FEV004257,0,10,3299
FEV004258,0,10,3300
FEV004259,0,10,3301
FEV004260,0,10,3302
FEV004261,0,10,3303
FEV004263,0,10,3304
FEV004264,0,10,3305
FEV004265,0,10,3306
FEV004266,0,10,3307
FEV004267,0,10,3308
FEV004268,0,10,3309
FEV004270,0,10,3310
FEV004271,0,10,3311
FEV004272,0,10,3312
FEV004273,0,10,3313
FEV004274,0,10,3314
FEV004275,0,10,3315
FEV004276,0,10,3316
FEV004279,0,10,3317
FEV004280,0,10,3318
FEV004281,0,10,3319
FEV004282,0,10,3320
FEV004284,0,10,3321
FEV004285,0,10,3322
FEV004287,0,10,3323
FEV004288,0,10,3324
FEV004289,0,10,3325
FEV004291,0,10,3326
FEV004292,0,10,3327
FEV004293,0,10,3328
FEV004294,0,10,3329
FEV004295,0,10,3330
FEV004296,0,10,3331
FEV004297,0,10,3332
FEV004300,0,10,3333
FEV004302,0,10,3334
FEV004303,0,10,3335
FEV004304,0,10,3336
FEV004305,0,10,3337
FEV004306,0,10,3338
FEV004307,0,10,3339
FEV004308,0,10,3340
FEV004309,0,10,3341
FEV004310,0,10,3342
FEV004311,0,10,3343
FEV004312,0,10,3344
FEV004314,0,10,3345
FEV004315,0,10,3346
FEV004316,0,10,3347
FEV004317,0,10,3348
FEV004318,0,10,3349
FEV004319,0,10,3350
FEV004320,0,10,3351
FEV004322,0,10,3352
FEV004323,0,10,3353
FEV004324,0,10,3354
FEV004326,0,10,3355
FEV004327,0,10,3356
FEV004328,0,10,3357
FEV004329,0,10,3358
FEV004330,0,10,3359
FEV004332,0,10,3360
FEV004333,0,10,3361
FEV004334,0,10,3362
FEV004335,0,10,3363
FEV004336,0,10,3364
FEV004337,0,10,3365
FEV004338,0,10,3366
FEV004339,0,10,3367
FEV004340,0,10,3368
FEV004341,0,10,3369
FEV004343,0,10,3370
FEV004344,0,10,3371
FEV004346,0,10,3372
FEV004347,0,10,3373
FEV004348,0,10,3374
FEV004349,0,10,3375
FEV004350,0,10,3376
FEV004351,0,10,3377
FEV004352,0,10,3378
FEV004353,0,10,3379
FEV004354,0,10,3380
FEV004355,0,10,3381
FEV004356,0,10,3382
FEV004357,0,10,3383
FEV004358,0,10,3384
FEV004359,0,10,3385
FEV004360,0,10,3386
FEV004362,0,10,3387
FEV004363,0,10,3388
FEV004366,0,10,3389
FEV004367,0,10,3390
FEV004369,0,10,3391
FEV004371,0,10,3392
FEV004372,0,10,3393
FEV004373,0,10,3394
FEV004374,0,10,3395
FEV004375,0,10,3396
FEV004376,0,10,3397
FEV004377,0,10,3398
FEV004378,0,10,3399
FEV004379,0,10,3400
FEV004380,0,10,3401
FEV004382,0,10,3402
FEV004383,0,10,3403
FEV004384,0,10,3404
FEV004385,0,10,3405
FEV004386,0,10,3406
FEV004387,0,10,3407
FEV004388,0,10,3408
FEV004389,0,10,3409
FEV004391,0,10,3410
FEV004392,0,10,3411
FEV004393,0,10,3412
FEV004394,0,10,3413
FEV004395,0,10,3414
FEV004396,0,10,3415
FEV004397,0,10,3416
FEV004398,0,10,3417
FEV004399,0,10,3418
FEV004400,0,10,3419
FEV004401,0,10,3420
FEV004402,0,10,3421
FEV004403,0,10,3422
FEV004404,0,10,3423
FEV004405,0,10,3424
FEV004406,0,10,3425
FEV004407,0,10,3426
FEV004408,0,10,3427
FEV004409,0,10,3428
FEV004410,0,10,3429
FEV004411,0,10,3430
FEV004412,0,10,3431
FEV004413,0,10,3432
FEV004415,0,10,3433
FEV004417,0,10,3434
FEV004419,0,10,3435
FEV004420,0,10,3436
FEV004421,0,10,3437
FEV004422,0,10,3438
FEV004423,0,10,3439
FEV004424,0,10,3440
FEV004425,0,10,3441
FEV004426,0,10,3442
FEV004428,0,10,3443
FEV004429,0,10,3444
FEV004431,0,10,3445
FEV004432,0,10,3446
FEV004435,0,10,3447
FEV004436,0,10,3448
FEV004437,0,10,3449
FEV004438,0,10,3450
FEV004439,0,10,3451
FEV004440,0,10,3452
FEV004441,0,10,3453
FEV004442,0,10,3454
FEV004443,0,10,3455
FEV004445,0,10,3456
FEV004446,0,10,3457
FEV004447,0,10,3458
FEV004448,0,10,3459
FEV004450,0,10,3460
FEV004451,0,10,3461
FEV004454,0,10,3462
FEV004455,0,10,3463
FEV004457,0,10,3464
FEV004458,0,10,3465
FEV004459,0,10,3466
FEV004461,0,10,3467
FEV004462,0,10,3468
FEV004463,0,10,3469
FEV004464,0,10,3470
FEV004465,0,10,3471
FEV004467,0,10,3472
FEV004471,0,10,3473
FEV004472,0,10,3474
FEV004473,0,10,3475
FEV004474,0,10,3476
FEV004476,0,10,3477
FEV004477,0,10,3478
FEV004478,0,10,3479
FEV004479,0,10,3480
FEV004480,0,10,3481
FEV004481,0,10,3482
FEV004482,0,10,3483
FEV004483,0,10,3484
FEV004484,0,10,3485
FEV004485,0,10,3486
FEV004487,0,10,3487
FEV004488,0,10,3488
FEV004490,0,10,3489
FEV004491,0,10,3490
FEV004495,0,10,3491
FEV004498,0,10,3492
FEV004499,0,10,3493
FEV004501,0,10,3494
FEV004502,0,10,3495
FEV004503,0,10,3496
FEV004504,0,10,3497
FEV004506,0,10,3498
FEV004507,0,10,3499
FEV004508,0,10,3500
FEV004509,0,10,3501
FEV004510,0,10,3502
FEV004511,0,10,3503
FEV004512,0,10,3504
FEV004513,0,10,3505
FEV004514,0,10,3506
FEV004516,0,10,3507
FEV004517,0,10,3508
FEV004518,0,10,3509
FEV004519,0,10,3510
FEV004520,0,10,3511
FEV004521,0,10,3512
FEV004523,0,10,3513
FEV004524,0,10,3514
FEV004525,0,10,3515
FEV004526,0,10,3516
FEV004527,0,10,3517
FEV004528,0,10,3518
FEV004529,0,10,3519
FEV004530,0,10,3520
FEV004532,0,10,3521
FEV004533,0,10,3522
FEV004535,0,10,3523
FEV004536,0,10,3524
FEV004537,0,10,3525
FEV004538,0,10,3526
FEV004539,0,10,3527
FEV004540,0,10,3528
FEV004541,0,10,3529
FEV004542,0,10,3530
FEV004544,0,10,3531
FEV004546,0,10,3532
FEV004547,0,10,3533
FEV004548,0,10,3534
FEV004550,0,10,3535
FEV004551,0,10,3536
FEV004553,0,10,3537
FEV004554,0,10,3538
FEV004555,0,10,3539
FEV004557,0,10,3540
FEV004558,0,10,3541
FEV004559,0,10,3542
FEV004560,0,10,3543
FEV004561,0,10,3544
FEV004562,0,10,3545
FEV004563,0,10,3546
FEV004564,0,10,3547
FEV004565,0,10,3548
FEV004567,0,10,3549
FEV004568,0,10,3550
FEV004569,0,10,3551
FEV004571,0,10,3552
FEV004573,0,10,3553
FEV004574,0,10,3554
FEV004575,0,10,3555
FEV004576,0,10,3556
FEV004577,0,10,3557
FEV004578,0,10,3558
FEV004579,0,10,3559
FEV004580,0,10,3560
FEV004582,0,10,3561
FEV004583,0,10,3562
FEV004585,0,10,3563
FEV004586,0,10,3564
FEV004587,0,10,3565
FEV004588,0,10,3566
FEV004589,0,10,3567
FEV004590,0,10,3568
FEV004591,0,10,3569
FEV004592,0,10,3570
FEV004595,0,10,3571
FEV004596,0,10,3572
FEV004597,0,10,3573
FEV004598,0,10,3574
FEV004600,0,10,3575
FEV004601,0,10,3576
FEV004602,0,10,3577
FEV004603,0,10,3578
FEV004604,0,10,3579
FEV004605,0,10,3580
FEV004606,0,10,3581
FEV004607,0,10,3582
FEV004608,0,10,3583
FEV004609,0,10,3584
FEV004610,0,10,3585
FEV004611,0,10,3586
FEV004613,0,10,3587
FEV004615,0,10,3588
FEV004616,0,10,3589
FEV004617,0,10,3590
FEV004618,0,10,3591
FEV004619,0,10,3592
FEV004620,0,10,3593
FEV004621,0,10,3594
FEV004623,0,10,3595
FEV004624,0,10,3596
FEV004625,0,10,3597
FEV004626,0,10,3598
FEV004627,0,10,3599
FEV004628,0,10,3600
FEV004629,0,10,3601
FEV004630,0,10,3602
FEV004631,0,10,3603
FEV004632,0,10,3604
FEV004634,0,10,3605
FEV004635,0,10,3606
FEV004636,0,10,3607
FEV004639,0,10,3608
FEV004640,0,10,3609
FEV004641,0,10,3610
FEV004642,0,10,3611
FEV004644,0,10,3612
FEV004645,0,10,3613
FEV004646,0,10,3614
FEV004648,0,10,3615
FEV004649,0,10,3616
FEV004650,0,10,3617
FEV004651,0,10,3618
FEV004652,0,10,3619
FEV004653,0,10,3620
FEV004654,0,10,3621
FEV004655,0,10,3622
FEV004656,0,10,3623
FEV004657,0,10,3624
FEV004658,0,10,3625
FEV004662,0,10,3626
FEV004663,0,10,3627
FEV004664,0,10,3628
FEV004665,0,10,3629
FEV004666,0,10,3630
FEV004667,0,10,3631
FEV004668,0,10,3632
FEV004669,0,10,3633
FEV004670,0,10,3634
FEV004671,0,10,3635
FEV004672,0,10,3636
FEV004673,0,10,3637
FEV004675,0,10,3638
FEV004676,0,10,3639
FEV004677,0,10,3640
FEV004678,0,10,3641
FEV004679,0,10,3642
FEV004680,0,10,3643
FEV004681,0,10,3644
FEV004682,0,10,3645
FEV004684,0,10,3646
FEV004685,0,10,3647
FEV004686,0,10,3648
FEV004687,0,10,3649
FEV004689,0,10,3650
FEV004690,0,10,3651
FEV004691,0,10,3652
FEV004692,0,10,3653
FEV004693,0,10,3654
FEV004695,0,10,3655
FEV004696,0,10,3656
FEV004697,0,10,3657
FEV004698,0,10,3658
FEV004699,0,10,3659
FEV004700,0,10,3660
FEV004701,0,10,3661
FEV004703,0,10,3662
FEV004704,0,10,3663
FEV004705,0,10,3664
FEV004706,0,10,3665
FEV004707,0,10,3666
FEV004709,0,10,3667
FEV004710,0,10,3668
FEV004711,0,10,3669
FEV004713,0,10,3670
FEV004714,0,10,3671
FEV004715,0,10,3672
FEV004716,0,10,3673
FEV004718,0,10,3674
FEV004719,0,10,3675
FEV004721,0,10,3676
FEV004723,0,10,3677
FEV004727,0,10,3678
FEV004728,0,10,3679
FEV004729,0,10,3680
FEV004731,0,10,3681
FEV004732,0,10,3682
FEV004734,0,10,3683
FEV004735,0,10,3684
FEV004739,0,10,3685
FEV004740,0,10,3686
FEV004742,0,10,3687
FEV004743,0,10,3688
FEV004744,0,10,3689
FEV004746,0,10,3690
FEV004747,0,10,3691
FEV004748,0,10,3692
FEV004750,0,10,3693
FEV004751,0,10,3694
FEV004752,0,10,3695
FEV004756,0,10,3696
FEV004757,0,10,3697
FEV004760,0,10,3698
FEV004762,0,10,3699
FEV004764,0,10,3700
FEV004765,0,10,3701
FEV004766,0,10,3702
FEV004767,0,10,3703
FEV004768,0,10,3704
FEV004769,0,10,3705
FEV004770,0,10,3706
FEV004771,0,10,3707
FEV004772,0,10,3708
FEV004773,0,10,3709
FEV004774,0,10,3710
FEV004775,0,10,3711
FEV004777,0,10,3712
FEV004779,0,10,3713
FEV004782,0,10,3714
FEV004783,0,10,3715
FEV004784,0,10,3716
FEV004786,0,10,3717
FEV004787,0,10,3718
FEV004788,0,10,3719
FEV004789,0,10,3720
FEV004790,0,10,3721
FEV004791,0,10,3722
FEV004792,0,10,3723
FEV004793,0,10,3724
FEV004794,0,10,3725
FEV004795,0,10,3726
FEV004796,0,10,3727
FEV004797,0,10,3728
FEV004802,0,10,3729
FEV004804,0,10,3730
FEV004805,0,10,3731
FEV004806,0,10,3732
FEV004807,0,10,3733
FEV004808,0,10,3734
FEV004809,0,10,3735
FEV004810,0,10,3736
FEV004811,0,10,3737
FEV004812,0,10,3738
FEV004813,0,10,3739
FEV004814,0,10,3740
FEV004815,0,10,3741
FEV004816,0,10,3742
FEV004817,0,10,3743
FEV004819,0,10,3744
FEV004820,0,10,3745
FEV004821,0,10,3746
FEV004822,0,10,3747
FEV004824,0,10,3748
FEV004825,0,10,3749
FEV004826,0,10,3750
FEV004827,0,10,3751
FEV004828,0,10,3752
FEV004829,0,10,3753
FEV004830,0,10,3754
FEV004831,0,10,3755
FEV004832,0,10,3756
FEV004833,0,10,3757
FEV004834,0,10,3758
FEV004836,0,10,3759
FEV004837,0,10,3760
FEV004838,0,10,3761
FEV004839,0,10,3762
FEV004841,0,10,3763
FEV004842,0,10,3764
FEV004843,0,10,3765
FEV004845,0,10,3766
FEV004846,0,10,3767
FEV004848,0,10,3768
FEV004849,0,10,3769
FEV004850,0,10,3770
FEV004851,0,10,3771
FEV004852,0,10,3772
FEV004854,0,10,3773
FEV004855,0,10,3774
FEV004856,0,10,3775
FEV004859,0,10,3776
FEV004861,0,10,3777
FEV004862,0,10,3778
FEV004863,0,10,3779
FEV004865,0,10,3780
FEV004866,0,10,3781
FEV004867,0,10,3782
FEV004868,0,10,3783
FEV004869,0,10,3784
FEV004871,0,10,3785
FEV004872,0,10,3786
FEV004873,0,10,3787
FEV004874,0,10,3788
FEV004875,0,10,3789
FEV004877,0,10,3790
FEV004878,0,10,3791
FEV004879,0,10,3792
FEV004881,0,10,3793
FEV004882,0,10,3794
FEV004883,0,10,3795
FEV004885,0,10,3796
FEV004886,0,10,3797
FEV004889,0,10,3798
FEV004893,0,10,3799
FEV004896,0,10,3800
FEV004897,0,10,3801
FEV004898,0,10,3802
FEV004899,0,10,3803
FEV004901,0,10,3804
FEV004902,0,10,3805
FEV004903,0,10,3806
FEV004904,0,10,3807
FEV004905,0,10,3808
FEV004906,0,10,3809
FEV004907,0,10,3810
FEV004908,0,10,3811
FEV004909,0,10,3812
FEV004911,0,10,3813
FEV004913,0,10,3814
FEV004914,0,10,3815
FEV004915,0,10,3816
FEV004916,0,10,3817
FEV004918,0,10,3818
FEV004919,0,10,3819
FEV004920,0,10,3820
FEV004922,0,10,3821
FEV004923,0,10,3822
FEV004924,0,10,3823
FEV004925,0,10,3824
FEV004926,0,10,3825
FEV004927,0,10,3826
FEV004928,0,10,3827
FEV004929,0,10,3828
FEV004931,0,10,3829
FEV004933,0,10,3830
FEV004935,0,10,3831
FEV004937,0,10,3832
FEV004938,0,10,3833
FEV004939,0,10,3834
FEV004940,0,10,3835
FEV004942,0,10,3836
FEV004946,0,10,3837
FEV004947,0,10,3838
FEV004948,0,10,3839
FEV004949,0,10,3840
FEV004950,0,10,3841
FEV004951,0,10,3842
FEV004952,0,10,3843
FEV004953,0,10,3844
FEV004954,0,10,3845
FEV004956,0,10,3846
FEV004957,0,10,3847
FEV004958,0,10,3848
FEV004959,0,10,3849
FEV004961,0,10,3850
FEV004962,0,10,3851
FEV004963,0,10,3852
FEV004964,0,10,3853
FEV004966,0,10,3854
FEV004967,0,10,3855
FEV004968,0,10,3856
FEV004969,0,10,3857
FEV004970,0,10,3858
FEV004971,0,10,3859
FEV004972,0,10,3860
FEV004973,0,10,3861
FEV004976,0,10,3862
FEV004978,0,10,3863
FEV004979,0,10,3864
FEV004980,0,10,3865
FEV004981,0,10,3866
FEV004982,0,10,3867
FEV004983,0,10,3868
FEV004984,0,10,3869
FEV004985,0,10,3870
FEV004986,0,10,3871
FEV004989,0,10,3872
FEV004990,0,10,3873
FEV004991,0,10,3874
FEV004992,0,10,3875
FEV004995,0,10,3876
FEV004996,0,10,3877
FEV004997,0,10,3878
FEV004998,0,10,3879
FEV004999,0,10,3880
FEV005000,0,10,3881
FEV005001,0,10,3882
FEV005002,0,10,3883
FEV005003,0,10,3884
FEV005004,0,10,3885
FEV005005,0,10,3886
FEV005006,0,10,3887
FEV005007,0,10,3888
FEV005010,0,10,3889
FEV005011,0,10,3890
FEV005016,0,10,3891
FEV005019,0,10,3892
FEV005020,0,10,3893
FEV005021,0,10,3894
FEV005022,0,10,3895
FEV005023,0,10,3896
FEV005025,0,10,3897
FEV005026,0,10,3898
FEV005027,0,10,3899
FEV005028,0,10,3900
FEV005029,0,10,3901
FEV005030,0,10,3902
FEV005032,0,10,3903
FEV005033,0,10,3904
FEV005034,0,10,3905
FEV005037,0,10,3906
FEV005038,0,10,3907
FEV005039,0,10,3908
FEV005041,0,10,3909
FEV005042,0,10,3910
FEV005043,0,10,3911
FEV005044,0,10,3912
FEV005045,0,10,3913
FEV005046,0,10,3914
FEV005047,0,10,3915
FEV005049,0,10,3916
FEV005050,0,10,3917
FEV005053,0,10,3918
FEV005055,0,10,3919
FEV005056,0,10,3920
FEV005058,0,10,3921
FEV005059,0,10,3922
FEV005060,0,10,3923
FEV005061,0,10,3924
FEV005062,0,10,3925
FEV005064,0,10,3926
FEV005065,0,10,3927
FEV005066,0,10,3928
FEV005067,0,10,3929
FEV005068,0,10,3930
FEV005070,0,10,3931
FEV005072,0,10,3932
FEV005073,0,10,3933
FEV005074,0,10,3934
FEV005075,0,10,3935
FEV005077,0,10,3936
FEV005078,0,10,3937
FEV005080,0,10,3938
FEV005082,0,10,3939
FEV005083,0,10,3940
FEV005084,0,10,3941
FEV005085,0,10,3942
FEV005086,0,10,3943
FEV005090,0,10,3944
FEV005091,0,10,3945
FEV005092,0,10,3946
FEV005093,0,10,3947
FEV005094,0,10,3948
FEV005095,0,10,3949
FEV005096,0,10,3950
FEV005097,0,10,3951
FEV005098,0,10,3952
FEV005100,0,10,3953
FEV005101,0,10,3954
FEV005102,0,10,3955
FEV005103,0,10,3956
FEV005104,0,10,3957
FEV005105,0,10,3958
FEV005106,0,10,3959
FEV005107,0,10,3960
FEV005108,0,10,3961
FEV005109,0,10,3962
FEV005110,0,10,3963
FEV005111,0,10,3964
FEV005112,0,10,3965
FEV005114,0,10,3966
FEV005116,0,10,3967
FEV005118,0,10,3968
FEV005119,0,10,3969
FEV005121,0,10,3970
FEV005122,0,10,3971
FEV005123,0,10,3972
FEV005124,0,10,3973
FEV005125,0,10,3974
FEV005126,0,10,3975
FEV005127,0,10,3976
FEV005129,0,10,3977
FEV005130,0,10,3978
FEV005131,0,10,3979
FEV005133,0,10,3980
FEV005134,0,10,3981
FEV005136,0,10,3982
FEV005137,0,10,3983
FEV005138,0,10,3984
FEV005139,0,10,3985
FEV005140,0,10,3986
FEV005141,0,10,3987
FEV005144,0,10,3988
FEV005145,0,10,3989
FEV005146,0,10,3990
FEV005147,0,10,3991
FEV005149,0,10,3992
FEV005150,0,10,3993
FEV005151,0,10,3994
FEV005152,0,10,3995
FEV005153,0,10,3996
FEV005154,0,10,3997
FEV005155,0,10,3998
FEV005156,0,10,3999
FEV005157,0,10,4000
FEV005158,0,10,4001
FEV005160,0,10,4002
FEV005161,0,10,4003
FEV005162,0,10,4004
FEV005163,0,10,4005
FEV005164,0,10,4006
FEV005165,0,10,4007
FEV005166,0,10,4008
FEV005168,0,10,4009
FEV005169,0,10,4010
FEV005170,0,10,4011
FEV005174,0,10,4012
FEV005175,0,10,4013
FEV005177,0,10,4014
FEV005178,0,10,4015
FEV005179,0,10,4016
FEV005181,0,10,4017
FEV005182,0,10,4018
FEV005183,0,10,4019
FEV005184,0,10,4020
FEV005185,0,10,4021
FEV005186,0,10,4022
FEV005187,0,10,4023
FEV005189,0,10,4024
FEV005190,0,10,4025
FEV005191,0,10,4026
FEV005193,0,10,4027
FEV005194,0,10,4028
FEV005195,0,10,4029
FEV005196,0,10,4030
FEV005197,0,10,4031
FEV005198,0,10,4032
FEV005201,0,10,4033
FEV005202,0,10,4034
FEV005203,0,10,4035
FEV005204,0,10,4036
FEV005206,0,10,4037
FEV005207,0,10,4038
FEV005208,0,10,4039
FEV005209,0,10,4040
FEV005210,0,10,4041
FEV005214,0,10,4042
FEV005215,0,10,4043
FEV005217,0,10,4044
FEV005218,0,10,4045
FEV005219,0,10,4046
FEV005220,0,10,4047
FEV005223,0,10,4048
FEV005224,0,10,4049
FEV005225,0,10,4050
FEV005228,0,10,4051
FEV005229,0,10,4052
FEV005230,0,10,4053
FEV005232,0,10,4054
FEV005234,0,10,4055
FEV005235,0,10,4056
FEV005236,0,10,4057
FEV005237,0,10,4058
FEV005238,0,10,4059
FEV005239,0,10,4060
FEV005240,0,10,4061
FEV005241,0,10,4062
FEV005242,0,10,4063
FEV005243,0,10,4064
FEV005244,0,10,4065
FEV005245,0,10,4066
FEV005247,0,10,4067
FEV005248,0,10,4068
FEV005250,0,10,4069
FEV005251,0,10,4070
FEV005252,0,10,4071
FEV005253,0,10,4072
FEV005254,0,10,4073
FEV005255,0,10,4074
FEV005256,0,10,4075
FEV005257,0,10,4076
FEV005258,0,10,4077
FEV005260,0,10,4078
FEV005262,0,10,4079
FEV005263,0,10,4080
FEV005264,0,10,4081
FEV005265,0,10,4082
FEV005267,0,10,4083
FEV005268,0,10,4084
FEV005269,0,10,4085
FEV005270,0,10,4086
FEV005271,0,10,4087
FEV005272,0,10,4088
FEV005273,0,10,4089
FEV005274,0,10,4090
FEV005275,0,10,4091
FEV005276,0,10,4092
FEV005278,0,10,4093
FEV005279,0,10,4094
FEV005280,0,10,4095
FEV005282,0,10,4096
FEV005283,0,10,4097
FEV005284,0,10,4098
FEV005285,0,10,4099
FEV005286,0,10,4100
FEV005287,0,10,4101
FEV005288,0,10,4102
FEV005289,0,10,4103
FEV005290,0,10,4104
FEV005291,0,10,4105
FEV005293,0,10,4106
FEV005294,0,10,4107
FEV005295,0,10,4108
FEV005296,0,10,4109
FEV005297,0,10,4110
FEV005299,0,10,4111
FEV005300,0,10,4112
FEV005302,0,10,4113
FEV005303,0,10,4114
FEV005304,0,10,4115
FEV005306,0,10,4116
FEV005307,0,10,4117
FEV005308,0,10,4118
FEV005309,0,10,4119
FEV005310,0,10,4120
FEV005311,0,10,4121
FEV005313,0,10,4122
FEV005314,0,10,4123
FEV005316,0,10,4124
FEV005317,0,10,4125
FEV005318,0,10,4126
FEV005319,0,10,4127
FEV005320,0,10,4128
FEV005321,0,10,4129
FEV005322,0,10,4130
FEV005323,0,10,4131
FEV005324,0,10,4132
FEV005325,0,10,4133
FEV005326,0,10,4134
FEV005327,0,10,4135
FEV005328,0,10,4136
FEV005329,0,10,4137
FEV005330,0,10,4138
FEV005333,0,10,4139
FEV005334,0,10,4140
FEV005336,0,10,4141
FEV005338,0,10,4142
FEV005340,0,10,4143
FEV005341,0,10,4144
FEV005342,0,10,4145
FEV005344,0,10,4146
FEV005345,0,10,4147
FEV005346,0,10,4148
FEV005347,0,10,4149
FEV005348,0,10,4150
FEV005349,0,10,4151
FEV005350,0,10,4152
FEV005351,0,10,4153
FEV005354,0,10,4154
FEV005357,0,10,4155
FEV005358,0,10,4156
FEV005360,0,10,4157
FEV005362,0,10,4158
FEV005363,0,10,4159
FEV005364,0,10,4160
FEV005365,0,10,4161
FEV005367,0,10,4162
FEV005368,0,10,4163
FEV005369,0,10,4164
FEV005370,0,10,4165
FEV005371,0,10,4166
FEV005372,0,10,4167
FEV005373,0,10,4168
FEV005374,0,10,4169
FEV005375,0,10,4170
FEV005376,0,10,4171
FEV005378,0,10,4172
FEV005379,0,10,4173
FEV005380,0,10,4174
FEV005381,0,10,4175
FEV005382,0,10,4176
FEV005383,0,10,4177
FEV005384,0,10,4178
FEV005385,0,10,4179
FEV005387,0,10,4180
FEV005388,0,10,4181
FEV005389,0,10,4182
FEV005390,0,10,4183
FEV005393,0,10,4184
FEV005394,0,10,4185
FEV005395,0,10,4186
FEV005396,0,10,4187
FEV005397,0,10,4188
FEV005398,0,10,4189
FEV005399,0,10,4190
FEV005401,0,10,4191
FEV005403,0,10,4192
FEV005404,0,10,4193
FEV005405,0,10,4194
FEV005406,0,10,4195
FEV005407,0,10,4196
FEV005408,0,10,4197
FEV005409,0,10,4198
FEV005411,0,10,4199
FEV005412,0,40,4200
FEV005413,0,40,4201
FEV005414,0,40,4202
FEV005416,0,40,4203
FEV005417,0,40,4204
FEV005419,0,40,4205
FEV005421,0,40,4206
FEV005422,0,40,4207
FEV005424,0,40,4208
FEV005425,0,40,4209
FEV005426,0,40,4210
FEV005427,0,40,4211
FEV005428,0,40,4212
FEV005429,0,40,4213
FEV005430,0,40,4214
FEV005431,0,40,4215
FEV005432,0,40,4216
FEV005433,0,40,4217
FEV005434,0,40,4218
FEV005435,0,40,4219
FEV005436,0,40,4220
FEV005437,0,40,4221
FEV005438,0,40,4222
FEV005439,0,40,4223
FEV005440,0,40,4224
FEV005441,0,40,4225
FEV005442,0,40,4226
FEV005443,0,40,4227
FEV005445,0,40,4228
FEV005446,0,40,4229
FEV005447,0,40,4230
FEV005448,0,40,4231
FEV005449,0,40,4232
FEV005451,0,40,4233
FEV005453,0,40,4234
FEV005454,0,40,4235
FEV005456,0,40,4236
FEV005457,0,40,4237
FEV005459,0,40,4238
FEV005460,0,40,4239
FEV005461,0,40,4240
FEV005462,0,40,4241
FEV005463,0,40,4242
FEV005464,0,40,4243
FEV005465,0,40,4244
FEV005467,0,40,4245
FEV005468,0,40,4246
FEV005469,0,40,4247
FEV005470,0,40,4248
FEV005471,0,40,4249
FEV005472,0,40,4250
FEV005473,0,40,4251
FEV005474,0,40,4252
FEV005475,0,40,4253
FEV005476,0,40,4254
FEV005477,0,40,4255
FEV005479,0,40,4256
FEV005481,0,40,4257
FEV005482,0,40,4258
FEV005483,0,40,4259
FEV005484,0,40,4260
FEV005486,0,40,4261
FEV005487,0,40,4262
FEV005488,0,40,4263
FEV005489,0,40,4264
FEV005490,0,40,4265
FEV005492,0,40,4266
FEV005493,0,40,4267
FEV005494,0,40,4268
FEV005495,0,40,4269
FEV005497,0,40,4270
FEV005499,0,40,4271
FEV005501,0,40,4272
FEV005502,0,40,4273
FEV005503,0,40,4274
FEV005504,0,40,4275
FEV005505,0,40,4276
FEV005507,0,40,4277
FEV005509,0,40,4278
FEV005510,0,40,4279
FEV005511,0,40,4280
FEV005512,0,40,4281
FEV005513,0,40,4282
FEV005514,0,40,4283
FEV005515,0,40,4284
FEV005516,0,40,4285
FEV005518,0,40,4286
FEV005519,0,40,4287
FEV005520,0,40,4288
FEV005521,0,40,4289
FEV005522,0,40,4290
FEV005523,0,40,4291
FEV005524,0,40,4292
FEV005525,0,40,4293
FEV005526,0,40,4294
FEV005527,0,40,4295
FEV005528,0,40,4296
FEV005529,0,40,4297
FEV005530,0,40,4298
FEV005531,0,40,4299
FEV005533,0,40,4300
FEV005535,0,40,4301
FEV005536,0,40,4302
FEV005537,0,40,4303
FEV005538,0,40,4304
FEV005539,0,40,4305
FEV005540,0,40,4306
FEV005541,0,40,4307
FEV005542,0,40,4308
FEV005545,0,40,4309
FEV005546,0,40,4310
FEV005547,0,40,4311
FEV005548,0,40,4312
FEV005549,0,40,4313
FEV005550,0,40,4314
FEV005551,0,40,4315
FEV005552,0,40,4316
FEV005553,0,40,4317
FEV005554,0,40,4318
FEV005556,0,40,4319
FEV005557,0,40,4320
FEV005558,0,40,4321
FEV005559,0,40,4322
FEV005560,0,40,4323
FEV005561,0,40,4324
FEV005562,0,40,4325
FEV005563,0,40,4326
FEV005564,0,40,4327
FEV005566,0,40,4328
FEV005567,0,40,4329
FEV005568,0,40,4330
FEV005569,0,40,4331
FEV005570,0,40,4332
FEV005571,0,40,4333
FEV005572,0,40,4334
FEV005573,0,40,4335
FEV005575,0,40,4336
FEV005576,0,40,4337
FEV005579,0,40,4338
FEV005581,0,40,4339
FEV005582,0,40,4340
FEV005583,0,40,4341
FEV005585,0,40,4342
FEV005586,0,40,4343
FEV005587,0,40,4344
FEV005588,0,40,4345
FEV005589,0,40,4346
FEV005590,0,40,4347
FEV005591,0,40,4348
FEV005592,0,40,4349
FEV005593,0,40,4350
FEV005594,0,40,4351
FEV005595,0,40,4352
FEV005596,0,40,4353
FEV005597,0,40,4354
FEV005598,0,40,4355
FEV005599,0,40,4356
FEV005600,0,40,4357
FEV005601,0,40,4358
FEV005602,0,40,4359
FEV005604,0,40,4360
FEV005605,0,40,4361
FEV005607,0,40,4362
FEV005608,0,40,4363
FEV005609,0,40,4364
FEV005610,0,40,4365
FEV005612,0,40,4366
FEV005613,0,40,4367
FEV005616,0,40,4368
FEV005617,0,40,4369
FEV005618,0,40,4370
FEV005620,0,40,4371
FEV005623,0,40,4372
FEV005625,0,40,4373
FEV005626,0,40,4374
FEV005627,0,40,4375
FEV005628,0,40,4376
FEV005629,0,40,4377
FEV005630,0,40,4378
FEV005631,0,40,4379
FEV005632,0,40,4380
FEV005633,0,40,4381
FEV005634,0,40,4382
FEV005635,0,40,4383
FEV005636,0,40,4384
FEV005638,0,40,4385
FEV005639,0,40,4386
FEV005640,0,40,4387
FEV005641,0,40,4388
FEV005642,0,40,4389
FEV005643,0,40,4390
FEV005644,0,40,4391
FEV005645,0,40,4392
FEV005646,0,40,4393
FEV005647,0,40,4394
FEV005649,0,40,4395
FEV005650,0,40,4396
FEV005651,0,40,4397
FEV005652,0,40,4398
FEV005653,0,40,4399
FEV005654,0,40,4400
FEV005655,0,40,4401
FEV005656,0,40,4402
FEV005657,0,40,4403
FEV005658,0,40,4404
FEV005660,0,40,4405
FEV005661,0,40,4406
FEV005662,0,40,4407
FEV005663,0,40,4408
FEV005664,0,40,4409
FEV005666,0,40,4410
FEV005667,0,40,4411
FEV005668,0,40,4412
FEV005670,0,40,4413
FEV005672,0,40,4414
FEV005673,0,40,4415
FEV005674,0,40,4416
FEV005676,0,40,4417
FEV005678,0,40,4418
FEV005680,0,40,4419
FEV005681,0,40,4420
FEV005682,0,40,4421
FEV005683,0,40,4422
FEV005687,0,40,4423
FEV005688,0,40,4424
FEV005689,0,40,4425
FEV005691,0,40,4426
FEV005692,0,40,4427
FEV005693,0,40,4428
FEV005694,0,40,4429
FEV005695,0,40,4430
FEV005696,0,40,4431
FEV005698,0,40,4432
FEV005699,0,40,4433
FEV005701,0,40,4434
FEV005702,0,40,4435
FEV005703,0,40,4436
FEV005706,0,40,4437
FEV005707,0,40,4438
FEV005708,0,40,4439
FEV005709,0,40,4440
FEV005710,0,40,4441
FEV005711,0,40,4442
FEV005712,0,40,4443
FEV005713,0,40,4444
FEV005714,0,40,4445
FEV005715,0,40,4446
FEV005716,0,40,4447
FEV005717,0,40,4448
FEV005719,0,40,4449
FEV005721,0,40,4450
FEV005722,0,40,4451
FEV005724,0,40,4452
FEV005726,0,40,4453
FEV005727,0,40,4454
FEV005729,0,40,4455
FEV005730,0,40,4456
FEV005732,0,40,4457
FEV005733,0,40,4458
FEV005735,0,40,4459
FEV005738,0,40,4460
FEV005739,0,40,4461
FEV005740,0,40,4462
FEV005741,0,40,4463
FEV005742,0,40,4464
FEV005743,0,40,4465
FEV005746,0,40,4466
FEV005747,0,40,4467
FEV005748,0,40,4468
FEV005749,0,40,4469
FEV005751,0,40,4470
FEV005752,0,40,4471
FEV005754,0,40,4472
FEV005757,0,40,4473
FEV005758,0,40,4474
FEV005759,0,40,4475
FEV005760,0,40,4476
FEV005762,0,40,4477
FEV005764,0,40,4478
FEV005765,0,40,4479
FEV005766,0,40,4480
FEV005767,0,40,4481
FEV005768,0,40,4482
FEV005769,0,40,4483
FEV005771,0,40,4484
FEV005772,0,40,4485
FEV005773,0,40,4486
FEV005774,0,40,4487
FEV005776,0,40,4488
FEV005777,0,40,4489
FEV005778,0,40,4490
FEV005779,0,40,4491
FEV005781,0,40,4492
FEV005782,0,40,4493
FEV005783,0,40,4494
FEV005784,0,40,4495
FEV005785,0,40,4496
FEV005786,0,40,4497
FEV005787,0,40,4498
FEV005789,0,40,4499
FEV005790,0,40,4500
FEV005791,0,40,4501
FEV005793,0,40,4502
FEV005794,0,40,4503
FEV005796,0,40,4504
FEV005797,0,40,4505
FEV005799,0,40,4506
FEV005800,0,40,4507
FEV005801,0,40,4508
FEV005802,0,40,4509
FEV005803,0,40,4510
FEV005805,0,40,4511
FEV005806,0,40,4512
FEV005807,0,40,4513
FEV005808,0,40,4514
FEV005809,0,40,4515
FEV005810,0,40,4516
FEV005811,0,40,4517
FEV005812,0,40,4518
FEV005813,0,40,4519
FEV005814,0,40,4520
FEV005815,0,40,4521
FEV005816,0,40,4522
FEV005817,0,40,4523
FEV005818,0,40,4524
FEV005820,0,40,4525
FEV005821,0,40,4526
FEV005823,0,40,4527
FEV005824,0,40,4528
FEV005825,0,40,4529
FEV005829,0,40,4530
FEV005830,0,40,4531
FEV005831,0,40,4532
FEV005833,0,40,4533
FEV005834,0,40,4534
FEV005835,0,40,4535
FEV005836,0,40,4536
FEV005837,0,40,4537
FEV005839,0,40,4538
FEV005840,0,40,4539
FEV005841,0,40,4540
FEV005842,0,40,4541
FEV005843,0,40,4542
FEV005844,0,40,4543
FEV005845,0,40,4544
FEV005846,0,40,4545
FEV005847,0,40,4546
FEV005849,0,40,4547
FEV005850,0,40,4548
FEV005852,0,40,4549
FEV005853,0,40,4550
FEV005855,0,40,4551
FEV005856,0,40,4552
FEV005857,0,40,4553
FEV005858,0,40,4554
FEV005859,0,40,4555
FEV005860,0,40,4556
FEV005861,0,40,4557
FEV005863,0,40,4558
FEV005864,0,40,4559
FEV005865,0,40,4560
FEV005866,0,40,4561
FEV005869,0,40,4562
FEV005870,0,40,4563
FEV005871,0,40,4564
FEV005872,0,40,4565
FEV005873,0,40,4566
FEV005874,0,40,4567
FEV005875,0,40,4568
FEV005876,0,40,4569
FEV005877,0,40,4570
FEV005880,0,40,4571
FEV005882,0,40,4572
FEV005885,0,40,4573
FEV005887,0,40,4574
FEV005888,0,40,4575
FEV005889,0,40,4576
FEV005890,0,40,4577
FEV005891,0,40,4578
FEV005893,0,40,4579
FEV005894,0,40,4580
FEV005895,0,40,4581
FEV005896,0,40,4582
FEV005898,0,40,4583
FEV005899,0,40,4584
FEV005902,0,40,4585
FEV005903,0,40,4586
FEV005905,0,40,4587
FEV005908,0,40,4588
FEV005909,0,40,4589
FEV005910,0,40,4590
FEV005911,0,40,4591
FEV005912,0,40,4592
FEV005913,0,40,4593
FEV005914,0,40,4594
FEV005915,0,40,4595
FEV005916,0,40,4596
FEV005918,0,40,4597
FEV005919,0,40,4598
FEV005920,0,40,4599
FEV005921,0,40,4600
FEV005922,0,40,4601
FEV005924,0,40,4602
FEV005926,0,40,4603
FEV005927,0,40,4604
FEV005930,0,40,4605
FEV005931,0,40,4606
FEV005932,0,40,4607
FEV005933,0,40,4608
FEV005934,0,40,4609
FEV005935,0,40,4610
FEV005936,0,40,4611
FEV005937,0,40,4612
FEV005938,0,40,4613
FEV005941,0,40,4614
FEV005942,0,40,4615
FEV005943,0,40,4616
FEV005944,0,40,4617
FEV005945,0,40,4618
FEV005946,0,40,4619
FEV005947,0,40,4620
FEV005948,0,40,4621
FEV005949,0,40,4622
FEV005950,0,40,4623
FEV005951,0,40,4624
FEV005955,0,40,4625
FEV005957,0,40,4626
FEV005958,0,40,4627
FEV005959,0,40,4628
FEV005960,0,40,4629
FEV005962,0,40,4630
FEV005963,0,40,4631
FEV005965,0,40,4632
FEV005966,0,40,4633
FEV005967,0,40,4634
FEV005968,0,40,4635
FEV005970,0,40,4636
FEV005971,0,40,4637
FEV005973,0,40,4638
FEV005974,0,40,4639
FEV005976,0,40,4640
FEV005978,0,40,4641
FEV005979,0,40,4642
FEV005980,0,40,4643
FEV005981,0,40,4644
FEV005982,0,40,4645
FEV005983,0,40,4646
FEV005985,0,40,4647
FEV005986,0,40,4648
FEV005987,0,40,4649
FEV005988,0,40,4650
FEV005992,0,40,4651
FEV005995,0,40,4652
FEV005996,0,40,4653
FEV005997,0,40,4654
FEV005998,0,40,4655
FEV006001,0,40,4656
FEV006002,0,40,4657
FEV006003,0,40,4658
FEV006004,0,40,4659
FEV006005,0,40,4660
FEV006006,0,40,4661
FEV006007,0,40,4662
FEV006008,0,40,4663
FEV006012,0,40,4664
FEV006013,0,40,4665
FEV006014,0,40,4666
FEV006015,0,40,4667
FEV006016,0,40,4668
FEV006017,0,40,4669
FEV006018,0,40,4670
FEV006019,0,40,4671
FEV006020,0,40,4672
FEV006021,0,40,4673
FEV006022,0,40,4674
FEV006023,0,40,4675
FEV006024,0,40,4676
FEV006025,0,40,4677
FEV006026,0,40,4678
FEV006027,0,40,4679
FEV006028,0,40,4680
FEV006029,0,40,4681
FEV006030,0,40,4682
FEV006031,0,40,4683
FEV006032,0,40,4684
FEV006036,0,40,4685
FEV006037,0,40,4686
FEV006038,0,40,4687
FEV006039,0,40,4688
FEV006040,0,40,4689
FEV006041,0,40,4690
FEV006043,0,40,4691
FEV006046,0,40,4692
FEV006047,0,40,4693
FEV006049,0,40,4694
FEV006051,0,40,4695
FEV006052,0,40,4696
FEV006053,0,40,4697
FEV006055,0,40,4698
FEV006056,0,40,4699
FEV006057,0,40,4700
FEV006058,0,40,4701
FEV006059,0,40,4702
FEV006060,0,40,4703
FEV006061,0,40,4704
FEV006062,0,40,4705
FEV006063,0,40,4706
FEV006064,0,40,4707
FEV006065,0,40,4708
FEV006066,0,40,4709
FEV006067,0,40,4710
FEV006069,0,40,4711
FEV006070,0,40,4712
FEV006071,0,40,4713
FEV006073,0,40,4714
FEV006075,0,40,4715
FEV006076,0,40,4716
FEV006077,0,40,4717
FEV006078,0,40,4718
FEV006079,0,40,4719
FEV006081,0,40,4720
FEV006082,0,40,4721
FEV006083,0,40,4722
FEV006084,0,40,4723
FEV006085,0,40,4724
FEV006086,0,40,4725
FEV006087,0,40,4726
FEV006088,0,40,4727
FEV006089,0,40,4728
FEV006090,0,40,4729
FEV006092,0,40,4730
FEV006093,0,40,4731
FEV006094,0,40,4732
FEV006095,0,40,4733
FEV006096,0,40,4734
FEV006097,0,40,4735
FEV006098,0,40,4736
FEV006099,0,40,4737
FEV006103,0,40,4738
FEV006104,0,40,4739
FEV006105,0,40,4740
FEV006108,0,40,4741
FEV006109,0,40,4742
FEV006110,0,40,4743
FEV006112,0,40,4744
FEV006113,0,40,4745
FEV006115,0,40,4746
FEV006116,0,40,4747
FEV006117,0,40,4748
FEV006118,0,40,4749
FEV006120,0,40,4750
FEV006123,0,40,4751
FEV006124,0,40,4752
FEV006125,0,40,4753
FEV006126,0,40,4754
FEV006127,0,40,4755
FEV006129,0,40,4756
FEV006130,0,40,4757
FEV006131,0,40,4758
FEV006132,0,40,4759
FEV006134,0,40,4760
FEV006135,0,40,4761
FEV006136,0,40,4762
FEV006137,0,40,4763
FEV006138,0,40,4764
FEV006140,0,40,4765
FEV006141,0,40,4766
FEV006142,0,40,4767
FEV006143,0,40,4768
FEV006144,0,40,4769
FEV006145,0,40,4770
FEV006147,0,40,4771
FEV006149,0,40,4772
FEV006150,0,40,4773
FEV006152,0,40,4774
FEV006153,0,40,4775
FEV006154,0,40,4776
FEV006155,0,40,4777
FEV006156,0,40,4778
FEV006157,0,40,4779
FEV006159,0,40,4780
FEV006160,0,40,4781
FEV006161,0,40,4782
FEV006162,0,40,4783
FEV006163,0,40,4784
FEV006164,0,40,4785
FEV006165,0,40,4786
FEV006166,0,40,4787
FEV006167,0,40,4788
FEV006169,0,40,4789
FEV006170,0,40,4790
FEV006171,0,40,4791
FEV006172,0,40,4792
FEV006173,0,40,4793
FEV006174,0,40,4794
FEV006175,0,40,4795
FEV006176,0,40,4796
FEV006177,0,40,4797
FEV006178,0,40,4798
FEV006181,0,40,4799
FEV006182,0,40,4800
FEV006184,0,40,4801
FEV006185,0,40,4802
FEV006187,0,40,4803
FEV006188,0,40,4804
FEV006189,0,40,4805
FEV006190,0,40,4806
FEV006191,0,40,4807
FEV006192,0,40,4808
FEV006193,0,40,4809
FEV006194,0,40,4810
FEV006196,0,40,4811
FEV006197,0,40,4812
FEV006198,0,40,4813
FEV006199,0,40,4814
FEV006200,0,40,4815
FEV006202,0,40,4816
FEV006203,0,40,4817
FEV006204,0,40,4818
FEV006205,0,40,4819
FEV006206,0,40,4820
FEV006207,0,40,4821
FEV006209,0,40,4822
FEV006211,0,40,4823
FEV006212,0,40,4824
FEV006213,0,40,4825
FEV006214,0,40,4826
FEV006215,0,40,4827
FEV006216,0,40,4828
FEV006217,0,40,4829
FEV006218,0,40,4830
FEV006219,0,40,4831
FEV006220,0,40,4832
FEV006222,0,40,4833
FEV006223,0,40,4834
FEV006224,0,40,4835
FEV006225,0,40,4836
FEV006227,0,40,4837
FEV006228,0,40,4838
FEV006229,0,40,4839
FEV006230,0,40,4840
FEV006232,0,40,4841
FEV006233,0,40,4842
FEV006234,0,40,4843
FEV006235,0,40,4844
FEV006236,0,40,4845
FEV006237,0,40,4846
FEV006238,0,40,4847
FEV006239,0,40,4848
FEV006240,0,40,4849
FEV006241,0,40,4850
FEV006242,0,40,4851
FEV006243,0,40,4852
FEV006247,0,40,4853
FEV006248,0,40,4854
FEV006249,0,40,4855
FEV006250,0,40,4856
FEV006251,0,40,4857
FEV006253,0,40,4858
FEV006254,0,40,4859
FEV006255,0,40,4860
FEV006256,0,40,4861
FEV006258,0,40,4862
FEV006259,0,40,4863
FEV006260,0,40,4864
FEV006262,0,40,4865
FEV006263,0,40,4866
FEV006264,0,40,4867
FEV006266,0,40,4868
FEV006267,0,40,4869
FEV006268,0,40,4870
FEV006269,0,40,4871
FEV006270,0,40,4872
FEV006271,0,40,4873
FEV006272,0,40,4874
FEV006273,0,40,4875
FEV006274,0,40,4876
FEV006275,0,40,4877
FEV006277,0,40,4878
FEV006278,0,40,4879
FEV006279,0,40,4880
FEV006280,0,40,4881
FEV006282,0,40,4882
FEV006283,0,40,4883
FEV006284,0,40,4884
FEV006285,0,40,4885
FEV006286,0,40,4886
FEV006287,0,40,4887
FEV006288,0,40,4888
FEV006289,0,40,4889
FEV006290,0,40,4890
FEV006291,0,40,4891
FEV006292,0,40,4892
FEV006293,0,40,4893
FEV006294,0,40,4894
FEV006295,0,40,4895
FEV006298,0,40,4896
FEV006300,0,40,4897
FEV006301,0,40,4898
FEV006305,0,40,4899
FEV006306,0,40,4900
FEV006307,0,40,4901
FEV006310,0,40,4902
FEV006311,0,40,4903
FEV006312,0,40,4904
FEV006313,0,40,4905
FEV006314,0,40,4906
FEV006315,0,40,4907
FEV006316,0,40,4908
FEV006317,0,40,4909
FEV006318,0,40,4910
FEV006319,0,40,4911
FEV006320,0,40,4912
FEV006321,0,40,4913
FEV006322,0,40,4914
FEV006324,0,40,4915
FEV006325,0,40,4916
FEV006326,0,40,4917
FEV006327,0,40,4918
FEV006331,0,40,4919
FEV006332,0,40,4920
FEV006333,0,40,4921
FEV006334,0,40,4922
FEV006335,0,40,4923
FEV006336,0,40,4924
FEV006337,0,40,4925
FEV006338,0,40,4926
FEV006339,0,40,4927
FEV006342,0,40,4928
FEV006343,0,40,4929
FEV006344,0,40,4930
FEV006345,0,40,4931
FEV006346,0,40,4932
FEV006347,0,40,4933
FEV006348,0,40,4934
FEV006349,0,40,4935
FEV006350,0,40,4936
FEV006352,0,40,4937
FEV006353,0,40,4938
FEV006354,0,40,4939
FEV006355,0,40,4940
FEV006356,0,40,4941
FEV006358,0,40,4942
FEV006359,0,40,4943
FEV006360,0,40,4944
FEV006361,0,40,4945
FEV006362,0,40,4946
FEV006363,0,40,4947
FEV006365,0,40,4948
FEV006366,0,40,4949
FEV006367,0,40,4950
FEV006369,0,40,4951
FEV006370,0,40,4952
FEV006371,0,40,4953
FEV006372,0,40,4954
FEV006373,0,40,4955
FEV006374,0,40,4956
FEV006375,0,40,4957
FEV006377,0,40,4958
FEV006378,0,40,4959
FEV006379,0,40,4960
FEV006380,0,40,4961
FEV006381,0,40,4962
FEV006382,0,40,4963
FEV006383,0,40,4964
FEV006384,0,40,4965
FEV006385,0,40,4966
FEV006386,0,40,4967
FEV006387,0,40,4968
FEV006389,0,40,4969
FEV006390,0,40,4970
FEV006392,0,40,4971
FEV006393,0,40,4972
FEV006395,0,40,4973
FEV006398,0,40,4974
FEV006399,0,40,4975
FEV006400,0,40,4976
FEV006401,0,40,4977
FEV006402,0,40,4978
FEV006407,0,40,4979
FEV006411,0,40,4980
FEV006412,0,40,4981
FEV006413,0,40,4982
FEV006414,0,40,4983
FEV006415,0,40,4984
FEV006417,0,40,4985
FEV006418,0,40,4986
FEV006419,0,40,4987
FEV006420,0,40,4988
FEV006421,0,40,4989
FEV006422,0,40,4990
FEV006423,0,40,4991
FEV006424,0,40,4992
FEV006425,0,40,4993
FEV006426,0,40,4994
FEV006427,0,40,4995
FEV006428,0,40,4996
FEV006429,0,40,4997
FEV006430,0,40,4998
FEV006431,0,40,4999
FEV006432,0,40,5000
FEV006433,0,40,5001
FEV006434,0,40,5002
FEV006435,0,40,5003
FEV006436,0,40,5004
FEV006437,0,40,5005
FEV006438,0,40,5006
FEV006439,0,40,5007
FEV006441,0,40,5008
FEV006442,0,40,5009
FEV006444,0,40,5010
FEV006447,0,40,5011
FEV006448,0,40,5012
FEV006449,0,40,5013
FEV006451,0,40,5014
FEV006453,0,40,5015
FEV006457,0,40,5016
FEV006459,0,40,5017
FEV006461,0,40,5018
FEV006462,0,40,5019
FEV006463,0,40,5020
FEV006465,0,40,5021
FEV006467,0,40,5022
FEV006469,0,40,5023
FEV006470,0,40,5024
FEV006471,0,40,5025
FEV006475,0,40,5026
FEV006476,0,40,5027
FEV006478,0,40,5028
FEV006479,0,40,5029
FEV006480,0,40,5030
FEV006481,0,40,5031
FEV006482,0,40,5032
FEV006483,0,40,5033
FEV006484,0,40,5034
FEV006485,0,40,5035
FEV006486,0,40,5036
FEV006487,0,40,5037
FEV006488,0,40,5038
FEV006489,0,40,5039
FEV006490,0,40,5040
FEV006492,0,40,5041
FEV006493,0,40,5042
FEV006495,0,40,5043
FEV006498,0,40,5044
FEV006499,0,40,5045
FEV006500,0,40,5046
FEV006501,0,40,5047
FEV006502,0,40,5048
FEV006503,0,40,5049
FEV006504,0,40,5050
FEV006505,0,40,5051
FEV006506,0,40,5052
FEV006508,0,40,5053
FEV006509,0,40,5054
FEV006510,0,40,5055
FEV006511,0,40,5056
FEV006513,0,40,5057
FEV006514,0,40,5058
FEV006515,0,40,5059
FEV006518,0,40,5060
FEV006520,0,40,5061
FEV006521,0,40,5062
FEV006523,0,40,5063
FEV006524,0,40,5064
FEV006525,0,40,5065
FEV006526,0,40,5066
FEV006527,0,40,5067
FEV006528,0,40,5068
FEV006529,0,40,5069
FEV006531,0,40,5070
FEV006533,0,40,5071
FEV006534,0,40,5072
FEV006535,0,40,5073
FEV006536,0,40,5074
FEV006537,0,40,5075
FEV006538,0,40,5076
FEV006539,0,40,5077
FEV006540,0,40,5078
FEV006541,0,40,5079
FEV006542,0,40,5080
FEV006543,0,40,5081
FEV006544,0,40,5082
FEV006546,0,40,5083
FEV006549,0,40,5084
FEV006551,0,40,5085
FEV006552,0,40,5086
FEV006553,0,40,5087
FEV006554,0,40,5088
FEV006556,0,40,5089
FEV006557,0,40,5090
FEV006559,0,40,5091
FEV006561,0,40,5092
FEV006562,0,40,5093
FEV006563,0,40,5094
FEV006564,0,40,5095
FEV006565,0,40,5096
FEV006567,0,40,5097
FEV006568,0,40,5098
FEV006569,0,40,5099
FEV006570,0,40,5100
FEV006572,0,40,5101
FEV006574,0,40,5102
FEV006575,0,40,5103
FEV006576,0,40,5104
FEV006578,0,40,5105
FEV006579,0,40,5106
FEV006580,0,40,5107
FEV006583,0,40,5108
FEV006584,0,40,5109
FEV006585,0,40,5110
FEV006586,0,40,5111
FEV006587,0,40,5112
FEV006588,0,40,5113
FEV006590,0,40,5114
FEV006591,0,40,5115
FEV006593,0,40,5116
FEV006594,0,40,5117
FEV006597,0,40,5118
FEV006598,0,40,5119
FEV006599,0,40,5120
FEV006600,0,40,5121
FEV006601,0,40,5122
FEV006602,0,40,5123
FEV006603,0,40,5124
FEV006604,0,40,5125
FEV006605,0,40,5126
FEV006607,0,40,5127
FEV006609,0,40,5128
FEV006610,0,40,5129
FEV006611,0,40,5130
FEV006612,0,40,5131
FEV006614,0,40,5132
FEV006615,0,40,5133
FEV006616,0,40,5134
FEV006617,0,40,5135
FEV006618,0,40,5136
FEV006620,0,40,5137
FEV006621,0,40,5138
FEV006622,0,40,5139
FEV006623,0,40,5140
FEV006624,0,40,5141
FEV006625,0,40,5142
FEV006626,0,40,5143
FEV006627,0,40,5144
FEV006628,0,40,5145
FEV006629,0,40,5146
FEV006630,0,40,5147
FEV006631,0,40,5148
FEV006633,0,40,5149
FEV006634,0,40,5150
FEV006637,0,40,5151
FEV006638,0,40,5152
FEV006639,0,40,5153
FEV006640,0,40,5154
FEV006641,0,40,5155
FEV006644,0,40,5156
FEV006645,0,40,5157
FEV006646,0,40,5158
FEV006647,0,40,5159
FEV006648,0,40,5160
FEV006650,0,40,5161
FEV006651,0,40,5162
FEV006652,0,40,5163
FEV006654,0,40,5164
FEV006655,0,40,5165
FEV006656,0,40,5166
FEV006657,0,40,5167
FEV006658,0,40,5168
FEV006659,0,40,5169
FEV006660,0,40,5170
FEV006662,0,40,5171
FEV006663,0,40,5172
FEV006665,0,40,5173
FEV006668,0,40,5174
FEV006669,0,40,5175
FEV006670,0,40,5176
FEV006671,0,40,5177
FEV006672,0,40,5178
FEV006673,0,40,5179
FEV006674,0,40,5180
FEV006675,0,40,5181
FEV006676,0,40,5182
FEV006677,0,40,5183
FEV006678,0,40,5184
FEV006679,0,40,5185
FEV006680,0,40,5186
FEV006681,0,40,5187
FEV006682,0,40,5188
FEV006684,0,40,5189
FEV006685,0,40,5190
FEV006686,0,40,5191
FEV006687,0,40,5192
FEV006688,0,40,5193
FEV006689,0,40,5194
FEV006690,0,40,5195
FEV006691,0,40,5196
FEV006692,0,40,5197
FEV006694,0,40,5198
FEV006695,0,40,5199
FEV006698,0,40,5200
FEV006699,0,40,5201
FEV006701,0,40,5202
FEV006705,0,40,5203
FEV006706,0,40,5204
FEV006707,0,40,5205
FEV006708,0,40,5206
FEV006709,0,40,5207
FEV006710,0,40,5208
FEV006711,0,40,5209
FEV006712,0,40,5210
FEV006714,0,40,5211
FEV006715,0,40,5212
FEV006716,0,40,5213
FEV006717,0,40,5214
FEV006718,0,40,5215
FEV006719,0,40,5216
FEV006720,0,40,5217
FEV006721,0,40,5218
FEV006722,0,40,5219
FEV006724,0,40,5220
FEV006725,0,40,5221
FEV006726,0,40,5222
FEV006727,0,40,5223
FEV006728,0,40,5224
FEV006729,0,40,5225
FEV006730,0,40,5226
FEV006731,0,40,5227
FEV006732,0,40,5228
FEV006733,0,40,5229
FEV006734,0,40,5230
FEV006735,0,40,5231
FEV006736,0,40,5232
FEV006737,0,40,5233
FEV006738,0,40,5234
FEV006739,0,40,5235
FEV006740,0,40,5236
FEV006741,0,40,5237
FEV006743,0,40,5238
FEV006744,0,40,5239
FEV006745,0,40,5240
FEV006746,0,40,5241
FEV006747,0,40,5242
FEV006748,0,40,5243
FEV006749,0,40,5244
FEV006750,0,40,5245
FEV006751,0,40,5246
FEV006752,0,40,5247
FEV006753,0,40,5248
FEV006754,0,40,5249
FEV006755,0,40,5250
FEV006756,0,40,5251
FEV006757,0,40,5252
FEV006758,0,40,5253
FEV006759,0,40,5254
FEV006761,0,40,5255
FEV006763,0,40,5256
FEV006764,0,40,5257
FEV006765,0,40,5258
FEV006766,0,40,5259
FEV006767,0,40,5260
FEV006768,0,40,5261
FEV006769,0,40,5262
FEV006770,0,40,5263
FEV006771,0,40,5264
FEV006772,0,40,5265
FEV006774,0,40,5266
FEV006775,0,40,5267
FEV006776,0,40,5268
FEV006777,0,40,5269
FEV006778,0,40,5270
FEV006779,0,40,5271
FEV006780,0,40,5272
FEV006781,0,40,5273
FEV006782,0,40,5274
FEV006783,0,40,5275
FEV006784,0,40,5276
FEV006785,0,40,5277
FEV006786,0,40,5278
FEV006787,0,40,5279
FEV006789,0,40,5280
FEV006790,0,40,5281
FEV006791,0,40,5282
FEV006792,0,40,5283
FEV006793,0,40,5284
FEV006794,0,40,5285
FEV006795,0,40,5286
FEV006796,0,40,5287
FEV006797,0,40,5288
FEV006798,0,40,5289
FEV006799,0,40,5290
FEV006800,0,40,5291
FEV006801,0,40,5292
FEV006802,0,40,5293
FEV006804,0,40,5294
FEV006805,0,40,5295
FEV006806,0,40,5296
FEV006807,0,40,5297
FEV006809,0,40,5298
FEV006810,0,40,5299
FEV006811,0,40,5300
FEV006812,0,40,5301
FEV006813,0,40,5302
FEV006814,0,40,5303
FEV006815,0,40,5304
FEV006816,0,40,5305
FEV006817,0,40,5306
FEV006819,0,40,5307
FEV006820,0,40,5308
FEV006823,0,40,5309
FEV006824,0,40,5310
FEV006825,0,40,5311
FEV006826,0,40,5312
FEV006827,0,40,5313
FEV006828,0,40,5314
FEV006829,0,40,5315
FEV006830,0,40,5316
FEV006832,0,40,5317
FEV006833,0,40,5318
FEV006834,0,40,5319
FEV006835,0,40,5320
FEV006836,0,40,5321
FEV006837,0,40,5322
FEV006838,0,40,5323
FEV006839,0,40,5324
FEV006840,0,40,5325
FEV006841,0,40,5326
FEV006843,0,40,5327
FEV006844,0,40,5328
FEV006845,0,40,5329
FEV006846,0,40,5330
FEV006848,0,40,5331
FEV006849,0,40,5332
FEV006850,0,40,5333
FEV006851,0,40,5334
FEV006853,0,40,5335
FEV006854,0,40,5336
FEV006856,0,40,5337
FEV006857,0,40,5338
FEV006859,0,40,5339
FEV006861,0,40,5340
FEV006862,0,40,5341
FEV006863,0,40,5342
FEV006864,0,40,5343
FEV006865,0,40,5344
FEV006866,0,40,5345
FEV006867,0,40,5346
FEV006869,0,40,5347
FEV006870,0,40,5348
FEV006872,0,40,5349
FEV006874,0,40,5350
FEV006876,0,40,5351
FEV006877,0,40,5352
FEV006878,0,40,5353
FEV006879,0,40,5354
FEV006881,0,40,5355
FEV006882,0,40,5356
FEV006885,0,40,5357
FEV006886,0,40,5358
FEV006887,0,40,5359
FEV006888,0,40,5360
FEV006889,0,40,5361
FEV006891,0,40,5362
FEV006893,0,40,5363
FEV006894,0,40,5364
FEV006895,0,40,5365
FEV006896,0,40,5366
FEV006897,0,40,5367
FEV006899,0,40,5368
FEV006901,0,40,5369
FEV006902,0,40,5370
FEV006903,0,40,5371
FEV006904,0,40,5372
FEV006905,0,40,5373
FEV006908,0,40,5374
FEV006910,0,40,5375
FEV006911,0,40,5376
FEV006912,0,40,5377
FEV006913,0,40,5378
FEV006916,0,40,5379
FEV006918,0,40,5380
FEV006919,0,40,5381
FEV006920,0,40,5382
FEV006921,0,40,5383
FEV006922,0,40,5384
FEV006924,0,40,5385
FEV006926,0,40,5386
FEV006928,0,40,5387
FEV006929,0,40,5388
FEV006930,0,40,5389
FEV006931,0,40,5390
FEV006933,0,40,5391
FEV006934,0,40,5392
FEV006936,0,40,5393
FEV006939,0,40,5394
FEV006940,0,40,5395
FEV006941,0,40,5396
FEV006942,0,40,5397
FEV006943,0,40,5398
FEV006944,0,40,5399
FEV006945,0,40,5400
FEV006949,0,40,5401
FEV006950,0,40,5402
FEV006951,0,40,5403
FEV006952,0,40,5404
FEV006953,0,40,5405
FEV006954,0,40,5406
FEV006955,0,40,5407
FEV006958,0,40,5408
FEV006959,0,40,5409
FEV006960,0,40,5410
FEV006961,0,40,5411
FEV006962,0,40,5412
FEV006963,0,40,5413
FEV006964,0,40,5414
FEV006965,0,40,5415
FEV006966,0,40,5416
FEV006967,0,40,5417
FEV006969,0,40,5418
FEV006970,0,40,5419
FEV006971,0,40,5420
FEV006972,0,40,5421
FEV006973,0,40,5422
FEV006974,0,40,5423
FEV006975,0,40,5424
FEV006976,0,40,5425
FEV006977,0,40,5426
FEV006978,0,40,5427
FEV006981,0,40,5428
FEV006982,0,40,5429
FEV006983,0,40,5430
FEV006984,0,40,5431
FEV006985,0,40,5432
FEV006986,0,40,5433
FEV006987,0,40,5434
FEV006989,0,40,5435
FEV006990,0,40,5436
FEV006991,0,40,5437
FEV006992,0,40,5438
FEV006994,0,40,5439
FEV006995,0,40,5440
FEV006996,0,40,5441
FEV006998,0,40,5442
FEV007000,0,40,5443
FEV007002,0,40,5444
FEV007003,0,40,5445
FEV007005,0,40,5446
FEV007006,0,40,5447
FEV007007,0,40,5448
FEV007008,0,40,5449
FEV007009,0,40,5450
FEV007010,0,40,5451
FEV007012,0,40,5452
FEV007013,0,40,5453
FEV007014,0,40,5454
FEV007015,0,40,5455
FEV007017,0,40,5456
FEV007018,0,40,5457
FEV007019,0,40,5458
FEV007020,0,40,5459
FEV007021,0,40,5460
FEV007022,0,40,5461
FEV007023,0,40,5462
FEV007024,0,40,5463
FEV007025,0,40,5464
FEV007026,0,40,5465
FEV007028,0,40,5466
FEV007029,0,40,5467
FEV007030,0,40,5468
FEV007031,0,40,5469
FEV007032,0,40,5470
FEV007033,0,40,5471
FEV007034,0,40,5472
FEV007035,0,40,5473
FEV007037,0,40,5474
FEV007038,0,40,5475
FEV007039,0,40,5476
FEV007040,0,40,5477
FEV007041,0,40,5478
FEV007042,0,40,5479
FEV007044,0,40,5480
FEV007045,0,40,5481
FEV007046,0,40,5482
FEV007047,0,40,5483
FEV007048,0,40,5484
FEV007049,0,40,5485
FEV007050,0,40,5486
FEV007052,0,40,5487
FEV007053,0,40,5488
FEV007054,0,40,5489
FEV007055,0,40,5490
FEV007057,0,40,5491
FEV007058,0,40,5492
FEV007060,0,40,5493
FEV007061,0,40,5494
FEV007062,0,40,5495
FEV007064,0,40,5496
FEV007065,0,40,5497
FEV007066,0,40,5498
FEV007067,0,40,5499
FEV007068,0,40,5500
FEV007069,0,40,5501
FEV007070,0,40,5502
FEV007071,0,40,5503
FEV007073,0,40,5504
FEV007074,0,40,5505
FEV007076,0,40,5506
FEV007077,0,40,5507
FEV007078,0,40,5508
FEV007079,0,40,5509
FEV007080,0,40,5510
FEV007081,0,40,5511
FEV007082,0,40,5512
FEV007083,0,40,5513
FEV007086,0,40,5514
FEV007087,0,40,5515
FEV007089,0,40,5516
FEV007090,0,40,5517
FEV007091,0,40,5518
FEV007092,0,40,5519
FEV007093,0,40,5520
FEV007095,0,40,5521
FEV007096,0,40,5522
FEV007097,0,40,5523
FEV007098,0,40,5524
FEV007099,0,40,5525
FEV007100,0,40,5526
FEV007101,0,40,5527
FEV007104,0,40,5528
FEV007105,0,40,5529
FEV007107,0,40,5530
FEV007110,0,40,5531
FEV007111,0,40,5532
FEV007112,0,40,5533
FEV007113,0,40,5534
FEV007114,0,40,5535
FEV007115,0,40,5536
FEV007116,0,40,5537
FEV007118,0,40,5538
FEV007119,0,40,5539
FEV007122,0,40,5540
FEV007123,0,40,5541
FEV007124,0,40,5542
FEV007125,0,40,5543
FEV007126,0,40,5544
FEV007127,0,40,5545
FEV007128,0,40,5546
FEV007129,0,40,5547
FEV007130,0,40,5548
FEV007131,0,40,5549
FEV007132,0,40,5550
FEV007133,0,40,5551
FEV007135,0,40,5552
FEV007137,0,40,5553
FEV007138,0,40,5554
FEV007139,0,40,5555
FEV007140,0,40,5556
FEV007141,0,40,5557
FEV007142,0,40,5558
FEV007143,0,40,5559
FEV007146,0,40,5560
FEV007147,0,40,5561
FEV007148,0,40,5562
FEV007150,0,40,5563
FEV007151,0,40,5564
FEV007152,0,40,5565
FEV007153,0,40,5566
FEV007155,0,40,5567
FEV007156,0,40,5568
FEV007157,0,40,5569
FEV007158,0,40,5570
FEV007159,0,40,5571
FEV007160,0,40,5572
FEV007161,0,40,5573
FEV007162,0,40,5574
FEV007165,0,40,5575
FEV007166,0,40,5576
FEV007167,0,40,5577
FEV007168,0,40,5578
FEV007169,0,40,5579
FEV007170,0,40,5580
FEV007171,0,40,5581
FEV007172,0,40,5582
FEV007173,0,40,5583
FEV007174,0,40,5584
FEV007175,0,40,5585
FEV007176,0,40,5586
FEV007177,0,40,5587
FEV007178,0,40,5588
FEV007179,0,40,5589
FEV007180,0,40,5590
FEV007182,0,40,5591
FEV007183,0,40,5592
FEV007184,0,40,5593
FEV007185,0,40,5594
FEV007186,0,40,5595
FEV007187,0,40,5596
FEV007188,0,40,5597
FEV007190,0,40,5598
FEV007192,0,40,5599
FEV007195,0,40,5600
FEV007198,0,40,5601
FEV007199,0,40,5602
FEV007200,0,40,5603
FEV007201,0,40,5604
FEV007202,0,40,5605
FEV007203,0,40,5606
FEV007204,0,40,5607
FEV007205,0,40,5608
FEV007206,0,40,5609
FEV007208,0,40,5610
FEV007209,0,40,5611
FEV007210,0,40,5612
FEV007211,0,40,5613
FEV007212,0,40,5614
FEV007213,0,40,5615
FEV007214,0,40,5616
FEV007216,0,40,5617
FEV007217,0,40,5618
FEV007218,0,40,5619
FEV007219,0,40,5620
FEV007220,0,40,5621
FEV007222,0,40,5622
FEV007223,0,40,5623
FEV007224,0,40,5624
FEV007225,0,40,5625
FEV007226,0,40,5626
FEV007227,0,40,5627
FEV007228,0,40,5628
FEV007230,0,40,5629
FEV007231,0,40,5630
FEV007232,0,40,5631
FEV007235,0,40,5632
FEV007236,0,40,5633
FEV007237,0,40,5634
FEV007238,0,40,5635
FEV007239,0,40,5636
FEV007240,0,40,5637
FEV007241,0,40,5638
FEV007243,0,40,5639
FEV007245,0,40,5640
FEV007246,0,40,5641
FEV007247,0,40,5642
FEV007248,0,40,5643
FEV007249,0,40,5644
FEV007250,0,40,5645
FEV007251,0,40,5646
FEV007252,0,40,5647
FEV007254,0,40,5648
FEV007255,0,40,5649
FEV007256,0,40,5650
FEV007257,0,40,5651
FEV007259,0,40,5652
FEV007260,0,40,5653
FEV007261,0,40,5654
FEV007262,0,40,5655
FEV007264,0,40,5656
FEV007265,0,40,5657
FEV007266,0,40,5658
FEV007267,0,40,5659
FEV007268,0,40,5660
FEV007269,0,40,5661
FEV007270,0,40,5662
FEV007271,0,40,5663
FEV007272,0,40,5664
FEV007273,0,40,5665
FEV007274,0,40,5666
FEV007275,0,40,5667
FEV007276,0,40,5668
FEV007277,0,40,5669
FEV007278,0,40,5670
FEV007279,0,40,5671
FEV007280,0,40,5672
FEV007281,0,40,5673
FEV007282,0,40,5674
FEV007283,0,40,5675
FEV007284,0,40,5676
FEV007286,0,40,5677
FEV007287,0,40,5678
FEV007288,0,40,5679
FEV007289,0,40,5680
FEV007290,0,40,5681
FEV007291,0,40,5682
FEV007292,0,40,5683
FEV007293,0,40,5684
FEV007294,0,40,5685
FEV007295,0,40,5686
FEV007296,0,40,5687
FEV007297,0,40,5688
FEV007298,0,40,5689
FEV007299,0,40,5690
FEV007303,0,40,5691
FEV007304,0,40,5692
FEV007305,0,40,5693
FEV007306,0,40,5694
FEV007307,0,40,5695
FEV007309,0,40,5696
FEV007310,0,40,5697
FEV007311,0,40,5698
FEV007312,0,40,5699
FEV007313,0,40,5700
FEV007314,0,40,5701
FEV007315,0,40,5702
FEV007318,0,40,5703
FEV007319,0,40,5704
FEV007320,0,40,5705
FEV007321,0,50,5706
FEV007322,0,50,5707
FEV007325,0,50,5708
FEV007326,0,50,5709
FEV007328,0,50,5710
FEV007329,0,50,5711
FEV007330,0,50,5712
FEV007331,0,50,5713
FEV007332,0,50,5714
FEV007333,0,50,5715
FEV007334,0,50,5716
FEV007335,0,50,5717
FEV007337,0,50,5718
FEV007338,0,50,5719
FEV007339,0,50,5720
FEV007341,0,50,5721
FEV007342,0,50,5722
FEV007343,0,50,5723
FEV007344,0,50,5724
FEV007346,0,50,5725
FEV007347,0,50,5726
FEV007348,0,50,5727
FEV007350,0,50,5728
FEV007351,0,50,5729
FEV007353,0,50,5730
FEV007354,0,50,5731
FEV007355,0,50,5732
FEV007356,0,50,5733
FEV007357,0,50,5734
FEV007358,0,50,5735
FEV007359,0,50,5736
FEV007360,0,50,5737
FEV007361,0,50,5738
FEV007364,0,50,5739
FEV007365,0,50,5740
FEV007366,0,50,5741
FEV007367,0,50,5742
FEV007370,0,50,5743
FEV007372,0,50,5744
FEV007375,0,50,5745
FEV007376,0,50,5746
FEV007377,0,50,5747
FEV007378,0,50,5748
FEV007379,0,50,5749
FEV007381,0,50,5750
FEV007382,0,50,5751
FEV007384,0,50,5752
FEV007385,0,50,5753
FEV007388,0,50,5754
FEV007389,0,50,5755
FEV007390,0,50,5756
FEV007392,0,50,5757
FEV007393,0,50,5758
FEV007394,0,50,5759
FEV007395,0,50,5760
FEV007396,0,50,5761
FEV007397,0,50,5762
FEV007398,0,50,5763
FEV007399,0,50,5764
FEV007400,0,50,5765
FEV007402,0,50,5766
FEV007403,0,50,5767
FEV007404,0,50,5768
FEV007405,0,50,5769
FEV007406,0,50,5770
FEV007409,0,50,5771
FEV007410,0,50,5772
FEV007412,0,50,5773
FEV007413,0,50,5774
FEV007415,0,50,5775
FEV007417,0,50,5776
FEV007418,0,50,5777
FEV007419,0,50,5778
FEV007420,0,50,5779
FEV007422,0,50,5780
FEV007423,0,50,5781
FEV007425,0,50,5782
FEV007427,0,50,5783
FEV007428,0,50,5784
FEV007429,0,50,5785
FEV007431,0,50,5786
FEV007432,0,50,5787
FEV007433,0,50,5788
FEV007434,0,50,5789
FEV007436,0,50,5790
FEV007437,0,50,5791
FEV007438,0,50,5792
FEV007439,0,50,5793
FEV007440,0,50,5794
FEV007441,0,50,5795
FEV007442,0,50,5796
FEV007443,0,50,5797
FEV007444,0,50,5798
FEV007445,0,50,5799
FEV007447,0,50,5800
FEV007448,0,50,5801
FEV007449,0,50,5802
FEV007450,0,50,5803
FEV007451,0,50,5804
FEV007452,0,50,5805
FEV007459,0,50,5806
FEV007460,0,50,5807
FEV007461,0,50,5808
FEV007462,0,50,5809
FEV007465,0,50,5810
FEV007466,0,50,5811
FEV007467,0,50,5812
FEV007469,0,50,5813
FEV007470,0,50,5814
FEV007472,0,50,5815
FEV007473,0,50,5816
FEV007474,0,50,5817
FEV007477,0,50,5818
FEV007478,0,50,5819
FEV007479,0,50,5820
FEV007480,0,50,5821
FEV007481,0,50,5822
FEV007482,0,50,5823
FEV007483,0,50,5824
FEV007484,0,50,5825
FEV007485,0,50,5826
FEV007489,0,50,5827
FEV007491,0,50,5828
FEV007492,0,50,5829
FEV007493,0,50,5830
FEV007494,0,50,5831
FEV007495,0,50,5832
FEV007498,0,50,5833
FEV007499,0,50,5834
FEV007502,0,50,5835
FEV007503,0,50,5836
FEV007504,0,50,5837
FEV007506,0,50,5838
FEV007507,0,50,5839
FEV007508,0,50,5840
FEV007509,0,50,5841
FEV007510,0,50,5842
FEV007512,0,50,5843
FEV007513,0,50,5844
FEV007514,0,50,5845
FEV007515,0,50,5846
FEV007516,0,50,5847
FEV007517,0,50,5848
FEV007521,0,50,5849
FEV007522,0,50,5850
FEV007525,0,50,5851
FEV007526,0,50,5852
FEV007528,0,50,5853
FEV007529,0,50,5854
FEV007536,0,50,5855
FEV007537,0,50,5856
FEV007539,0,50,5857
FEV007540,0,50,5858
FEV007541,0,50,5859
FEV007542,0,50,5860
FEV007543,0,50,5861
FEV007544,0,50,5862
FEV007545,0,50,5863
FEV007546,0,50,5864
FEV007547,0,50,5865
FEV007548,0,50,5866
FEV007549,0,50,5867
FEV007551,0,50,5868
FEV007552,0,50,5869
FEV007553,0,50,5870
FEV007554,0,50,5871
FEV007555,0,50,5872
FEV007556,0,50,5873
FEV007558,0,50,5874
FEV007559,0,50,5875
FEV007560,0,50,5876
FEV007563,0,50,5877
FEV007564,0,50,5878
FEV007565,0,50,5879
FEV007567,0,50,5880
FEV007570,0,50,5881
FEV007571,0,50,5882
FEV007572,0,50,5883
FEV007573,0,50,5884
FEV007575,0,50,5885
FEV007576,0,50,5886
FEV007580,0,50,5887
FEV007581,0,50,5888
FEV007582,0,50,5889
FEV007583,0,50,5890
FEV007584,0,50,5891
FEV007585,0,50,5892
FEV007586,0,50,5893
FEV007587,0,50,5894
FEV007588,0,50,5895
FEV007590,0,50,5896
FEV007591,0,50,5897
FEV007592,0,50,5898
FEV007593,0,50,5899
FEV007594,0,50,5900
FEV007595,0,50,5901
FEV007596,0,50,5902
FEV007597,0,50,5903
FEV007598,0,50,5904
FEV007599,0,50,5905
FEV007600,0,50,5906
FEV007601,0,50,5907
FEV007603,0,50,5908
FEV007604,0,50,5909
FEV007605,0,50,5910
FEV007606,0,50,5911
FEV007607,0,50,5912
FEV007608,0,50,5913
FEV007609,0,50,5914
FEV007610,0,50,5915
FEV007611,0,50,5916
FEV007612,0,50,5917
FEV007613,0,50,5918
FEV007614,0,50,5919
FEV007615,0,50,5920
FEV007616,0,50,5921
FEV007617,0,50,5922
FEV007618,0,50,5923
FEV007619,0,50,5924
FEV007620,0,50,5925
FEV007622,0,50,5926
FEV007623,0,50,5927
FEV007624,0,50,5928
FEV007625,0,50,5929
FEV007626,0,50,5930
FEV007627,0,50,5931
FEV007628,0,50,5932
FEV007631,0,50,5933
FEV007633,0,50,5934
FEV007634,0,50,5935
FEV007635,0,50,5936
FEV007636,0,50,5937
FEV007637,0,50,5938
FEV007638,0,50,5939
FEV007640,0,50,5940
FEV007642,0,50,5941
FEV007643,0,50,5942
FEV007644,0,50,5943
FEV007645,0,50,5944
FEV007646,0,50,5945
FEV007648,0,50,5946
FEV007649,0,50,5947
FEV007651,0,50,5948
FEV007652,0,50,5949
FEV007653,0,50,5950
FEV007654,0,50,5951
FEV007655,0,50,5952
FEV007657,0,50,5953
FEV007658,0,50,5954
FEV007660,0,50,5955
FEV007661,0,50,5956
FEV007662,0,50,5957
FEV007664,0,50,5958
FEV007666,0,50,5959
FEV007667,0,50,5960
FEV007668,0,50,5961
FEV007669,0,50,5962
FEV007672,0,50,5963
FEV007673,0,50,5964
FEV007674,0,50,5965
FEV007675,0,50,5966
FEV007677,0,50,5967
FEV007680,0,50,5968
FEV007681,0,50,5969
FEV007682,0,50,5970
FEV007684,0,50,5971
FEV007685,0,50,5972
FEV007686,0,50,5973
FEV007687,0,50,5974
FEV007690,0,50,5975
FEV007691,0,50,5976
FEV007692,0,50,5977
FEV007693,0,50,5978
FEV007694,0,50,5979
FEV007695,0,50,5980
FEV007696,0,50,5981
FEV007697,0,50,5982
FEV007698,0,50,5983
FEV007699,0,50,5984
FEV007700,0,50,5985
FEV007701,0,50,5986
FEV007702,0,50,5987
FEV007704,0,50,5988
FEV007705,0,50,5989
FEV007706,0,50,5990
FEV007707,0,50,5991
FEV007708,0,50,5992
FEV007709,0,50,5993
FEV007710,0,50,5994
FEV007711,0,50,5995
FEV007712,0,50,5996
FEV007713,0,50,5997
FEV007714,0,50,5998
FEV007715,0,50,5999
FEV007716,0,50,6000
FEV007717,0,50,6001
FEV007718,0,50,6002
FEV007719,0,50,6003
FEV007720,0,50,6004
FEV007721,0,50,6005
FEV007722,0,50,6006
FEV007723,0,50,6007
FEV007724,0,50,6008
FEV007726,0,50,6009
FEV007727,0,50,6010
FEV007728,0,50,6011
FEV007729,0,50,6012
FEV007730,0,50,6013
FEV007733,0,50,6014
FEV007734,0,50,6015
FEV007736,0,50,6016
FEV007737,0,50,6017
FEV007738,0,50,6018
FEV007739,0,50,6019
FEV007740,0,50,6020
FEV007741,0,50,6021
FEV007742,0,50,6022
FEV007743,0,50,6023
FEV007744,0,50,6024
FEV007745,0,50,6025
FEV007747,0,50,6026
FEV007748,0,50,6027
FEV007749,0,50,6028
FEV007750,0,50,6029
FEV007751,0,50,6030
FEV007752,0,50,6031
FEV007756,0,50,6032
FEV007757,0,50,6033
FEV007759,0,50,6034
FEV007760,0,50,6035
FEV007763,0,50,6036
FEV007764,0,50,6037
FEV007765,0,50,6038
FEV007766,0,50,6039
FEV007767,0,50,6040
FEV007768,0,50,6041
FEV007769,0,50,6042
FEV007770,0,50,6043
FEV007771,0,50,6044
FEV007772,0,50,6045
FEV007773,0,50,6046
FEV007774,0,50,6047
FEV007777,0,50,6048
FEV007778,0,50,6049
FEV007780,0,50,6050
FEV007781,0,50,6051
FEV007782,0,50,6052
FEV007783,0,50,6053
FEV007784,0,50,6054
FEV007785,0,50,6055
FEV007786,0,50,6056
FEV007788,0,50,6057
FEV007789,0,50,6058
FEV007790,0,50,6059
FEV007791,0,50,6060
FEV007792,0,50,6061
FEV007793,0,50,6062
FEV007796,0,50,6063
FEV007798,0,50,6064
FEV007799,0,50,6065
FEV007800,0,50,6066
FEV007801,0,50,6067
FEV007803,0,50,6068
FEV007804,0,50,6069
FEV007806,0,50,6070
FEV007807,0,50,6071
FEV007808,0,50,6072
FEV007809,0,50,6073
FEV007810,0,50,6074
FEV007811,0,50,6075
FEV007813,0,50,6076
FEV007814,0,50,6077
FEV007815,0,50,6078
FEV007816,0,50,6079
FEV007817,0,50,6080
FEV007819,0,50,6081
FEV007820,0,50,6082
FEV007821,0,50,6083
FEV007822,0,50,6084
FEV007823,0,50,6085
FEV007824,0,50,6086
FEV007828,0,50,6087
FEV007829,0,50,6088
FEV007830,0,50,6089
FEV007831,0,50,6090
FEV007832,0,50,6091
FEV007833,0,50,6092
FEV007834,0,50,6093
FEV007835,0,50,6094
FEV007836,0,50,6095
FEV007837,0,50,6096
FEV007838,0,50,6097
FEV007839,0,50,6098
FEV007840,0,50,6099
FEV007841,0,50,6100
FEV007844,0,50,6101
FEV007845,0,50,6102
FEV007846,0,50,6103
FEV007847,0,50,6104
FEV007848,0,50,6105
FEV007849,0,50,6106
FEV007850,0,50,6107
FEV007851,0,50,6108
FEV007852,0,50,6109
FEV007853,0,50,6110
FEV007854,0,50,6111
FEV007856,0,30,6112
FEV007857,0,30,6113
FEV007858,0,30,6114
FEV007859,0,30,6115
FEV007860,0,30,6116
FEV007862,0,30,6117
FEV007863,0,30,6118
FEV007864,0,30,6119
FEV007866,0,30,6120
FEV007867,0,30,6121
FEV007868,0,30,6122
FEV007870,0,30,6123
FEV007872,0,30,6124
FEV007873,0,30,6125
FEV007874,0,30,6126
FEV007875,0,30,6127
FEV007877,0,30,6128
FEV007878,0,30,6129
FEV007879,0,30,6130
FEV007880,0,30,6131
FEV007881,0,30,6132
FEV007882,0,30,6133
FEV007883,0,30,6134
FEV007885,0,30,6135
FEV007887,0,30,6136
FEV007889,0,30,6137
FEV007890,0,30,6138
FEV007891,0,30,6139
FEV007892,0,30,6140
FEV007893,0,30,6141
FEV007894,0,30,6142
FEV007896,0,30,6143
FEV007897,0,30,6144
FEV007898,0,30,6145
FEV007899,0,30,6146
FEV007900,0,30,6147
FEV007903,0,30,6148
FEV007905,0,30,6149
FEV007906,0,30,6150
FEV007907,0,30,6151
FEV007908,0,30,6152
FEV007909,0,30,6153
FEV007910,0,30,6154
FEV007911,0,30,6155
FEV007912,0,30,6156
FEV007913,0,30,6157
FEV007914,0,30,6158
FEV007915,0,30,6159
FEV007916,0,30,6160
FEV007917,0,30,6161
FEV007918,0,30,6162
FEV007920,0,30,6163
FEV007923,0,30,6164
FEV007924,0,30,6165
FEV007925,0,30,6166
FEV007926,0,30,6167
FEV007927,0,30,6168
FEV007928,0,30,6169
FEV007929,0,30,6170
FEV007930,0,30,6171
FEV007931,0,30,6172
FEV007932,0,30,6173
FEV007933,0,30,6174
FEV007934,0,30,6175
FEV007935,0,30,6176
FEV007936,0,30,6177
FEV007938,0,30,6178
FEV007943,0,30,6179
FEV007944,0,30,6180
FEV007945,0,30,6181
FEV007946,0,30,6182
FEV007947,0,30,6183
FEV007948,0,30,6184
FEV007949,0,30,6185
FEV007950,0,30,6186
FEV007951,0,30,6187
FEV007954,0,30,6188
FEV007955,0,30,6189
FEV007956,0,30,6190
FEV007957,0,30,6191
FEV007958,0,30,6192
FEV007961,0,30,6193
FEV007962,0,30,6194
FEV007963,0,30,6195
FEV007964,0,30,6196
FEV007965,0,30,6197
FEV007966,0,30,6198
FEV007967,0,30,6199
FEV007968,0,30,6200
FEV007969,0,30,6201
FEV007970,0,30,6202
FEV007971,0,30,6203
FEV007973,0,30,6204
FEV007974,0,30,6205
FEV007975,0,30,6206
FEV007976,0,30,6207
FEV007977,0,30,6208
FEV007979,0,30,6209
FEV007980,0,30,6210
FEV007982,0,30,6211
FEV007984,0,30,6212
FEV007985,0,30,6213
FEV007986,0,30,6214
FEV007989,0,30,6215
FEV007990,0,30,6216
FEV007991,0,30,6217
FEV007992,0,30,6218
FEV007993,0,30,6219
FEV007994,0,30,6220
FEV007995,0,30,6221
FEV007996,0,30,6222
FEV007997,0,30,6223
FEV007998,0,30,6224
FEV007999,0,30,6225
FEV008000,0,30,6226
FEV008001,0,30,6227
FEV008002,0,30,6228
FEV008003,0,30,6229
FEV008005,0,30,6230
FEV008006,0,30,6231
FEV008007,0,30,6232
FEV008008,0,30,6233
FEV008011,0,30,6234
FEV008012,0,30,6235
FEV008013,0,30,6236
FEV008015,0,30,6237
FEV008016,0,30,6238
FEV008019,0,30,6239
FEV008020,0,30,6240
FEV008021,0,30,6241
FEV008022,0,30,6242
FEV008023,0,30,6243
FEV008024,0,30,6244
FEV008025,0,30,6245
FEV008027,0,30,6246
FEV008029,0,30,6247
FEV008030,0,30,6248
FEV008031,0,30,6249
FEV008032,0,30,6250
FEV008033,0,30,6251
FEV008038,0,30,6252
FEV008040,0,30,6253
FEV008041,0,30,6254
FEV008042,0,30,6255
FEV008043,0,30,6256
FEV008045,0,30,6257
FEV008046,0,30,6258
FEV008047,0,30,6259
FEV008048,0,30,6260
FEV008049,0,30,6261
FEV008050,0,30,6262
FEV008051,0,30,6263
FEV008052,0,30,6264
FEV008053,0,30,6265
FEV008056,0,30,6266
FEV008057,0,30,6267
FEV008058,0,30,6268
FEV008060,0,30,6269
FEV008061,0,30,6270
FEV008062,0,30,6271
FEV008064,0,30,6272
FEV008066,0,30,6273
FEV008067,0,30,6274
FEV008068,0,30,6275
FEV008070,0,30,6276
FEV008072,0,30,6277
FEV008074,0,30,6278
FEV008075,0,30,6279
FEV008076,0,30,6280
FEV008077,0,30,6281
FEV008078,0,30,6282
FEV008081,0,30,6283
FEV008083,0,30,6284
FEV008084,0,30,6285
FEV008086,0,30,6286
FEV008087,0,30,6287
FEV008088,0,30,6288
FEV008089,0,30,6289
FEV008090,0,30,6290
FEV008092,0,30,6291
FEV008093,0,30,6292
FEV008094,0,30,6293
FEV008095,0,30,6294
FEV008096,0,30,6295
FEV008097,0,30,6296
FEV008099,0,30,6297
FEV008100,0,30,6298
FEV008101,0,30,6299
FEV008102,0,30,6300
FEV008104,0,30,6301
FEV008105,0,30,6302
FEV008106,0,30,6303
FEV008107,0,30,6304
FEV008108,0,30,6305
FEV008109,0,30,6306
FEV008111,0,30,6307
FEV008112,0,30,6308
FEV008115,0,30,6309
FEV008116,0,30,6310
FEV008118,0,30,6311
FEV008120,0,30,6312
FEV008121,0,30,6313
FEV008122,0,30,6314
FEV008123,0,30,6315
FEV008124,0,30,6316
FEV008125,0,30,6317
FEV008127,0,30,6318
FEV008128,0,30,6319
FEV008129,0,30,6320
FEV008130,0,30,6321
FEV008131,0,30,6322
FEV008132,0,30,6323
FEV008133,0,30,6324
FEV008134,0,30,6325
FEV008135,0,30,6326
FEV008137,0,30,6327
FEV008139,0,30,6328
FEV008140,0,30,6329
FEV008141,0,30,6330
FEV008143,0,30,6331
FEV008144,0,30,6332
FEV008145,0,30,6333
FEV008146,0,30,6334
FEV008147,0,30,6335
FEV008148,0,30,6336
FEV008149,0,30,6337
FEV008150,0,30,6338
FEV008151,0,30,6339
FEV008152,0,30,6340
FEV008153,0,30,6341
FEV008154,0,30,6342
FEV008155,0,30,6343
FEV008156,0,30,6344
FEV008157,0,30,6345
FEV008158,0,30,6346
FEV008159,0,30,6347
FEV008160,0,30,6348
FEV008161,0,30,6349
FEV008162,0,30,6350
FEV008163,0,30,6351
FEV008164,0,30,6352
FEV008165,0,30,6353
FEV008166,0,30,6354
FEV008167,0,30,6355
FEV008168,0,30,6356
FEV008170,0,30,6357
FEV008171,0,30,6358
FEV008172,0,30,6359
FEV008173,0,30,6360
FEV008174,0,30,6361
FEV008175,0,30,6362
FEV008176,0,30,6363
FEV008177,0,30,6364
FEV008179,0,30,6365
FEV008180,0,30,6366
FEV008182,0,30,6367
FEV008183,0,30,6368
FEV008184,0,30,6369
FEV008185,0,30,6370
FEV008186,0,30,6371
FEV008187,0,30,6372
FEV008188,0,30,6373
FEV008189,0,30,6374
FEV008190,0,30,6375
FEV008191,0,30,6376
FEV008192,0,30,6377
FEV008194,0,30,6378
FEV008195,0,30,6379
FEV008196,0,30,6380
FEV008197,0,30,6381
FEV008198,0,30,6382
FEV008200,0,30,6383
FEV008201,0,30,6384
FEV008202,0,30,6385
FEV008203,0,30,6386
FEV008207,0,30,6387
FEV008209,0,30,6388
FEV008211,0,30,6389
FEV008212,0,30,6390
FEV008214,0,30,6391
FEV008215,0,30,6392
FEV008216,0,30,6393
FEV008217,0,30,6394
FEV008218,0,30,6395
FEV008219,0,30,6396
FEV008220,0,30,6397
FEV008221,0,30,6398
FEV008222,0,30,6399
FEV008223,0,30,6400
FEV008225,0,30,6401
FEV008229,0,30,6402
FEV008230,0,30,6403
FEV008231,0,30,6404
FEV008232,0,30,6405
FEV008233,0,30,6406
FEV008234,0,30,6407
FEV008235,0,30,6408
FEV008236,0,30,6409
FEV008237,0,30,6410
FEV008238,0,30,6411
FEV008239,0,30,6412
FEV008240,0,30,6413
FEV008241,0,30,6414
FEV008243,0,30,6415
FEV008244,0,30,6416
FEV008245,0,30,6417
FEV008246,0,30,6418
FEV008247,0,30,6419
FEV008248,0,30,6420
FEV008249,0,30,6421
FEV008252,0,30,6422
FEV008253,0,30,6423
FEV008254,0,30,6424
FEV008255,0,30,6425
FEV008256,0,30,6426
FEV008257,0,30,6427
FEV008258,0,30,6428
FEV008260,0,30,6429
FEV008261,0,30,6430
FEV008262,0,30,6431
FEV008263,0,30,6432
FEV008264,0,30,6433
FEV008265,0,30,6434
FEV008266,0,30,6435
FEV008268,0,30,6436
FEV008269,0,30,6437
FEV008270,0,30,6438
FEV008272,0,30,6439
FEV008273,0,30,6440
FEV008274,0,30,6441
FEV008275,0,30,6442
FEV008276,0,30,6443
FEV008277,0,30,6444
FEV008278,0,30,6445
FEV008280,0,30,6446
FEV008281,0,30,6447
FEV008282,0,30,6448
FEV008283,0,30,6449
FEV008284,0,30,6450
FEV008285,0,30,6451
FEV008286,0,30,6452
FEV008288,0,30,6453
FEV008289,0,30,6454
FEV008291,0,30,6455
FEV008292,0,30,6456
FEV008295,0,30,6457
FEV008298,0,30,6458
FEV008299,0,30,6459
FEV008300,0,30,6460
FEV008301,0,30,6461
FEV008303,0,30,6462
FEV008305,0,30,6463
FEV008306,0,30,6464
FEV008307,0,30,6465
FEV008309,0,30,6466
FEV008310,0,30,6467
FEV008312,0,30,6468
FEV008313,0,30,6469
FEV008314,0,30,6470
FEV008315,0,30,6471
FEV008317,0,30,6472
FEV008318,0,30,6473
FEV008320,0,30,6474
FEV008321,0,30,6475
FEV008322,0,30,6476
FEV008323,0,30,6477
FEV008324,0,30,6478
FEV008325,0,30,6479
FEV008327,0,30,6480
FEV008328,0,30,6481
FEV008330,0,30,6482
FEV008331,0,30,6483
FEV008332,0,30,6484
FEV008333,0,30,6485
FEV008335,0,30,6486
FEV008337,0,30,6487
FEV008338,0,30,6488
FEV008339,0,30,6489
FEV008340,0,30,6490
FEV008342,0,30,6491
FEV008343,0,30,6492
FEV008345,0,30,6493
FEV008346,0,30,6494
FEV008349,0,30,6495
FEV008351,0,30,6496
FEV008352,0,30,6497
FEV008353,0,30,6498
FEV008354,0,30,6499
FEV008355,0,30,6500
FEV008356,0,30,6501
FEV008359,0,30,6502
FEV008360,0,30,6503
FEV008362,0,30,6504
FEV008363,0,30,6505
FEV008364,0,30,6506
FEV008365,0,30,6507
FEV008367,0,30,6508
FEV008368,0,30,6509
FEV008370,0,30,6510
FEV008371,0,30,6511
FEV008373,0,30,6512
FEV008374,0,30,6513
FEV008375,0,30,6514
FEV008376,0,30,6515
FEV008377,0,30,6516
FEV008379,0,30,6517
FEV008381,0,30,6518
FEV008382,0,30,6519
FEV008383,0,30,6520
FEV008384,0,30,6521
FEV008385,0,30,6522
FEV008386,0,30,6523
FEV008390,0,30,6524
FEV008393,0,30,6525
FEV008394,0,30,6526
FEV008396,0,30,6527
FEV008397,0,30,6528
FEV008399,0,30,6529
FEV008400,0,30,6530
FEV008401,0,30,6531
FEV008406,0,30,6532
FEV008407,0,30,6533
FEV008408,0,30,6534
FEV008410,0,30,6535
FEV008411,0,30,6536
FEV008412,0,30,6537
FEV008413,0,30,6538
FEV008416,0,30,6539
FEV008417,0,30,6540
FEV008418,0,30,6541
FEV008419,0,30,6542
FEV008421,0,30,6543
FEV008422,0,30,6544
FEV008423,0,30,6545
FEV008424,0,30,6546
FEV008425,0,30,6547
FEV008426,0,30,6548
FEV008427,0,30,6549
FEV008428,0,30,6550
FEV008429,0,30,6551
FEV008430,0,30,6552
FEV008433,0,30,6553
FEV008434,0,30,6554
FEV008435,0,30,6555
FEV008437,0,30,6556
FEV008438,0,30,6557
FEV008439,0,30,6558
FEV008440,0,30,6559
FEV008441,0,30,6560
FEV008442,0,30,6561
FEV008444,0,30,6562
FEV008445,0,30,6563
FEV008447,0,30,6564
FEV008448,0,30,6565
FEV008449,0,30,6566
FEV008450,0,30,6567
FEV008452,0,30,6568
FEV008453,0,30,6569
FEV008454,0,30,6570
FEV008455,0,30,6571
FEV008456,0,30,6572
FEV008457,0,30,6573
FEV008459,0,30,6574
FEV008461,0,30,6575
FEV008462,0,30,6576
FEV008463,0,30,6577
FEV008464,0,30,6578
FEV008465,0,30,6579
FEV008467,0,30,6580
FEV008468,0,30,6581
FEV008471,0,30,6582
FEV008472,0,30,6583
FEV008474,0,30,6584
FEV008475,0,30,6585
FEV008476,0,30,6586
FEV008477,0,30,6587
FEV008479,0,30,6588
FEV008480,0,30,6589
FEV008481,0,30,6590
FEV008482,0,30,6591
FEV008485,0,30,6592
FEV008487,0,30,6593
FEV008488,0,30,6594
FEV008489,0,30,6595
FEV008490,0,30,6596
FEV008491,0,30,6597
FEV008493,0,30,6598
FEV008494,0,30,6599
FEV008496,0,30,6600
FEV008499,0,30,6601
FEV008500,0,30,6602
FEV008501,0,30,6603
FEV008502,0,30,6604
FEV008503,0,30,6605
FEV008504,0,30,6606
FEV008506,0,30,6607
FEV008507,0,30,6608
FEV008508,0,30,6609
FEV008509,0,30,6610
FEV008510,0,30,6611
FEV008512,0,30,6612
FEV008513,0,30,6613
FEV008514,0,30,6614
FEV008516,0,30,6615
FEV008518,0,30,6616
FEV008521,0,30,6617
FEV008523,0,30,6618
FEV008524,0,30,6619
FEV008525,0,30,6620
FEV008527,0,30,6621
FEV008528,0,30,6622
FEV008529,0,30,6623
FEV008530,0,30,6624
FEV008532,0,30,6625
FEV008534,0,30,6626
FEV008535,0,30,6627
FEV008538,0,30,6628
FEV008539,0,30,6629
FEV008540,0,30,6630
FEV008541,0,30,6631
FEV008542,0,30,6632
FEV008546,0,30,6633
FEV008547,0,30,6634
FEV008549,0,30,6635
FEV008550,0,30,6636
FEV008551,0,30,6637
FEV008552,0,30,6638
FEV008553,0,30,6639
FEV008554,0,30,6640
FEV008555,0,30,6641
FEV008556,0,30,6642
FEV008557,0,30,6643
FEV008559,0,30,6644
FEV008561,0,30,6645
FEV008562,0,30,6646
FEV008563,0,30,6647
FEV008564,0,30,6648
FEV008565,0,30,6649
FEV008567,0,30,6650
FEV008568,0,30,6651
FEV008569,0,30,6652
FEV008570,0,30,6653
FEV008571,0,30,6654
FEV008573,0,30,6655
FEV008574,0,30,6656
FEV008575,0,30,6657
FEV008576,0,30,6658
FEV008577,0,30,6659
FEV008578,0,30,6660
FEV008579,0,30,6661
FEV008580,0,30,6662
FEV008581,0,30,6663
FEV008584,0,30,6664
FEV008586,0,30,6665
FEV008587,0,30,6666
FEV008588,0,30,6667
FEV008589,0,30,6668
FEV008591,0,30,6669
FEV008592,0,30,6670
FEV008594,0,30,6671
FEV008595,0,30,6672
FEV008596,0,30,6673
FEV008597,0,30,6674
FEV008599,0,30,6675
FEV008600,0,30,6676
FEV008601,0,30,6677
FEV008603,0,30,6678
FEV008606,0,30,6679
FEV008607,0,30,6680
FEV008608,0,30,6681
FEV008609,0,30,6682
FEV008610,0,30,6683
FEV008611,0,30,6684
FEV008612,0,30,6685
FEV008613,0,30,6686
FEV008614,0,30,6687
FEV008615,0,30,6688
FEV008617,0,30,6689
FEV008619,0,30,6690
FEV008620,0,30,6691
FEV008621,0,30,6692
FEV008623,0,30,6693
FEV008626,0,30,6694
FEV008628,0,30,6695
FEV008629,0,30,6696
FEV008630,0,30,6697
FEV008633,0,30,6698
FEV008634,0,30,6699
FEV008635,0,30,6700
FEV008636,0,30,6701
FEV008637,0,30,6702
FEV008638,0,30,6703
FEV008639,0,30,6704
FEV008640,0,30,6705
FEV008642,0,30,6706
FEV008644,0,30,6707
FEV008645,0,30,6708
FEV008646,0,30,6709
FEV008647,0,30,6710
FEV008648,0,30,6711
FEV008649,0,30,6712
FEV008651,0,30,6713
FEV008652,0,30,6714
FEV008653,0,30,6715
FEV008654,0,30,6716
FEV008655,0,30,6717
FEV008656,0,30,6718
FEV008657,0,30,6719
FEV008658,0,30,6720
FEV008659,0,30,6721
FEV008661,0,30,6722
FEV008662,0,30,6723
FEV008663,0,30,6724
FEV008664,0,30,6725
FEV008665,0,30,6726
FEV008666,0,30,6727
FEV008667,0,30,6728
FEV008668,0,30,6729
FEV008671,0,30,6730
FEV008672,0,30,6731
FEV008673,0,30,6732
FEV008674,0,30,6733
FEV008676,0,30,6734
FEV008682,0,30,6735
FEV008683,0,30,6736
FEV008684,0,30,6737
FEV008685,0,30,6738
FEV008686,0,30,6739
FEV008688,0,30,6740
FEV008692,0,30,6741
FEV008696,0,30,6742
FEV008698,0,30,6743
FEV008699,0,30,6744
FEV008702,0,30,6745
FEV008705,0,30,6746
FEV008706,0,30,6747
FEV008707,0,30,6748
FEV008709,0,30,6749
FEV008710,0,30,6750
FEV008711,0,30,6751
FEV008712,0,30,6752
FEV008713,0,30,6753
FEV008714,0,30,6754
FEV008715,0,30,6755
FEV008716,0,30,6756
FEV008717,0,30,6757
FEV008719,0,30,6758
FEV008720,0,30,6759
FEV008721,0,30,6760
FEV008722,0,30,6761
FEV008723,0,30,6762
FEV008724,0,30,6763
FEV008725,0,30,6764
FEV008726,0,30,6765
FEV008727,0,30,6766
FEV008729,0,30,6767
FEV008730,0,30,6768
FEV008731,0,30,6769
FEV008732,0,30,6770
FEV008733,0,30,6771
FEV008734,0,30,6772
FEV008735,0,30,6773
FEV008736,0,30,6774
FEV008737,0,30,6775
FEV008738,0,30,6776
FEV008739,0,30,6777
FEV008740,0,30,6778
FEV008742,0,30,6779
FEV008744,0,30,6780
FEV008745,0,30,6781
FEV008746,0,30,6782
FEV008747,0,30,6783
FEV008748,0,30,6784
FEV008750,0,30,6785
FEV008751,0,30,6786
FEV008753,0,30,6787
FEV008754,0,30,6788
FEV008755,0,30,6789
FEV008756,0,30,6790
FEV008757,0,30,6791
FEV008758,0,30,6792
FEV008759,0,30,6793
FEV008760,0,30,6794
FEV008761,0,30,6795
FEV008762,0,30,6796
FEV008763,0,30,6797
FEV008764,0,30,6798
FEV008765,0,30,6799
FEV008766,0,30,6800
FEV008768,0,30,6801
FEV008769,0,30,6802
FEV008770,0,30,6803
FEV008771,0,30,6804
FEV008772,0,30,6805
FEV008773,0,30,6806
FEV008774,0,30,6807
FEV008775,0,30,6808
FEV008776,0,30,6809
FEV008777,0,30,6810
FEV008779,0,30,6811
FEV008780,0,30,6812
FEV008781,0,30,6813
FEV008782,0,30,6814
FEV008783,0,30,6815
FEV008784,0,30,6816
FEV008785,0,30,6817
FEV008786,0,30,6818
FEV008787,0,30,6819
FEV008788,0,30,6820
FEV008789,0,30,6821
FEV008790,0,30,6822
FEV008791,0,30,6823
FEV008792,0,30,6824
FEV008794,0,30,6825
FEV008795,0,30,6826
FEV008796,0,30,6827
FEV008797,0,30,6828
FEV008798,0,30,6829
FEV008799,0,30,6830
FEV008800,0,30,6831
FEV008801,0,30,6832
FEV008802,0,30,6833
FEV008804,0,30,6834
FEV008805,0,30,6835
FEV008806,0,30,6836
FEV008807,0,30,6837
FEV008808,0,30,6838
FEV008810,0,30,6839
FEV008811,0,30,6840
FEV008812,0,30,6841
FEV008813,0,30,6842
FEV008814,0,30,6843
FEV008816,0,30,6844
FEV008817,0,30,6845
FEV008818,0,30,6846
FEV008819,0,30,6847
FEV008821,0,30,6848
FEV008822,0,30,6849
FEV008823,0,30,6850
FEV008824,0,30,6851
FEV008826,0,30,6852
FEV008827,0,30,6853
FEV008828,0,30,6854
FEV008829,0,30,6855
FEV008830,0,30,6856
FEV008831,0,30,6857
FEV008832,0,30,6858
FEV008833,0,30,6859
FEV008834,0,30,6860
FEV008835,0,30,6861
FEV008836,0,30,6862
FEV008838,0,30,6863
FEV008839,0,30,6864
FEV008841,0,30,6865
FEV008842,0,30,6866
FEV008844,0,30,6867
FEV008846,0,30,6868
FEV008847,0,30,6869
FEV008849,0,30,6870
FEV008850,0,30,6871
FEV008851,0,30,6872
FEV008852,0,30,6873
FEV008853,0,30,6874
FEV008855,0,30,6875
FEV008856,0,30,6876
FEV008857,0,30,6877
FEV008858,0,30,6878
FEV008862,0,30,6879
FEV008864,0,30,6880
FEV008865,0,30,6881
FEV008866,0,30,6882
FEV008867,0,30,6883
FEV008868,0,30,6884
FEV008870,0,30,6885
FEV008872,0,30,6886
FEV008874,0,30,6887
FEV008875,0,30,6888
FEV008876,0,30,6889
FEV008877,0,30,6890
FEV008878,0,30,6891
FEV008879,0,30,6892
FEV008880,0,30,6893
FEV008883,0,30,6894
FEV008884,0,30,6895
FEV008885,0,30,6896
FEV008886,0,30,6897
FEV008887,0,30,6898
FEV008888,0,30,6899
FEV008889,0,30,6900
FEV008890,0,30,6901
FEV008891,0,30,6902
FEV008893,0,30,6903
FEV008894,0,30,6904
FEV008895,0,30,6905
FEV008896,0,30,6906
FEV008897,0,30,6907
FEV008899,0,30,6908
FEV008900,0,30,6909
FEV008901,0,30,6910
FEV008902,0,30,6911
FEV008903,0,30,6912
FEV008904,0,30,6913
FEV008906,0,30,6914
FEV008907,0,30,6915
FEV008908,0,30,6916
FEV008909,0,30,6917
FEV008910,0,30,6918
FEV008911,0,30,6919
FEV008912,0,30,6920
FEV008913,0,30,6921
FEV008914,0,30,6922
FEV008915,0,30,6923
FEV008917,0,30,6924
FEV008919,0,30,6925
FEV008920,0,30,6926
FEV008923,0,30,6927
FEV008924,0,30,6928
FEV008926,0,30,6929
FEV008927,0,30,6930
FEV008928,0,30,6931
FEV008929,0,30,6932
FEV008932,0,30,6933
FEV008933,0,30,6934
FEV008934,0,30,6935
FEV008935,0,30,6936
FEV008938,0,30,6937
FEV008939,0,30,6938
FEV008940,0,30,6939
FEV008941,0,30,6940
FEV008942,0,30,6941
FEV008943,0,30,6942
FEV008944,0,30,6943
FEV008947,0,30,6944
FEV008948,0,30,6945
FEV008950,0,30,6946
FEV008951,0,30,6947
FEV008954,0,30,6948
FEV008956,0,30,6949
FEV008957,0,30,6950
FEV008958,0,30,6951
FEV008959,0,30,6952
FEV008960,0,30,6953
FEV008962,0,30,6954
FEV008964,0,30,6955
FEV008965,0,30,6956
FEV008966,0,30,6957
FEV008968,0,30,6958
FEV008973,0,30,6959
FEV008974,0,30,6960
FEV008975,0,30,6961
FEV008976,0,30,6962
FEV008977,0,30,6963
FEV008978,0,30,6964
FEV008980,0,30,6965
FEV008983,0,30,6966
FEV008984,0,30,6967
FEV008985,0,30,6968
FEV008987,0,30,6969
FEV008988,0,30,6970
FEV008989,0,30,6971
FEV008991,0,30,6972
FEV008992,0,30,6973
FEV008994,0,30,6974
FEV008996,0,30,6975
FEV008997,0,30,6976
FEV008998,0,30,6977
FEV009000,0,30,6978
FEV009001,0,30,6979
FEV009002,0,30,6980
FEV009003,0,30,6981
FEV009005,0,30,6982
FEV009006,0,30,6983
FEV009007,0,30,6984
FEV009009,0,30,6985
FEV009010,0,30,6986
FEV009011,0,30,6987
FEV009012,0,30,6988
FEV009013,0,30,6989
FEV009014,0,30,6990
FEV009015,0,30,6991
FEV009016,0,30,6992
FEV009017,0,30,6993
FEV009018,0,30,6994
FEV009019,0,30,6995
FEV009021,0,30,6996
FEV009022,0,30,6997
FEV009023,0,30,6998
FEV009024,0,30,6999
FEV009025,0,30,7000
FEV009027,0,30,7001
FEV009028,0,30,7002
FEV009029,0,30,7003
FEV009030,0,30,7004
FEV009031,0,30,7005
FEV009032,0,30,7006
FEV009033,0,30,7007
FEV009034,0,30,7008
FEV009035,0,30,7009
FEV009036,0,30,7010
FEV009037,0,30,7011
FEV009038,0,30,7012
FEV009039,0,30,7013
FEV009040,0,30,7014
FEV009041,0,30,7015
FEV009042,0,30,7016
FEV009044,0,30,7017
FEV009046,0,30,7018
FEV009047,0,30,7019
FEV009048,0,30,7020
FEV009049,0,30,7021
FEV009050,0,30,7022
FEV009051,0,30,7023
FEV009052,0,30,7024
FEV009054,0,30,7025
FEV009055,0,30,7026
FEV009056,0,30,7027
FEV009057,0,30,7028
FEV009058,0,30,7029
FEV009060,0,30,7030
FEV009061,0,30,7031
FEV009062,0,30,7032
FEV009063,0,30,7033
FEV009064,0,30,7034
FEV009065,0,30,7035
FEV009069,0,30,7036
FEV009070,0,30,7037
FEV009071,0,30,7038
FEV009072,0,30,7039
FEV009073,0,30,7040
FEV009074,0,30,7041
FEV009075,0,30,7042
FEV009076,0,30,7043
FEV009077,0,30,7044
FEV009079,0,30,7045
FEV009080,0,30,7046
FEV009081,0,30,7047
FEV009084,0,30,7048
FEV009085,0,30,7049
FEV009087,0,30,7050
FEV009089,0,30,7051
FEV009090,0,30,7052
FEV009092,0,30,7053
FEV009093,0,30,7054
FEV009094,0,30,7055
FEV009097,0,30,7056
FEV009098,0,30,7057
FEV009101,0,30,7058
FEV009102,0,30,7059
FEV009103,0,30,7060
FEV009104,0,30,7061
FEV009105,0,30,7062
FEV009106,0,30,7063
FEV009107,0,30,7064
FEV009110,0,30,7065
FEV009111,0,30,7066
FEV009112,0,30,7067
FEV009113,0,30,7068
FEV009114,0,30,7069
FEV009115,0,30,7070
FEV009117,0,30,7071
FEV009119,0,30,7072
FEV009121,0,30,7073
FEV009122,0,30,7074
FEV009123,0,30,7075
FEV009124,0,30,7076
FEV009125,0,30,7077
FEV009126,0,30,7078
FEV009127,0,30,7079
FEV009129,0,30,7080
FEV009130,0,30,7081
FEV009131,0,30,7082
FEV009132,0,30,7083
FEV009133,0,30,7084
FEV009134,0,30,7085
FEV009135,0,30,7086
FEV009137,0,30,7087
FEV009138,0,30,7088
FEV009139,0,30,7089
FEV009141,0,30,7090
FEV009142,0,30,7091
FEV009143,0,30,7092
FEV009144,0,30,7093
FEV009145,0,30,7094
FEV009146,0,30,7095
FEV009148,0,30,7096
FEV009149,0,30,7097
FEV009151,0,30,7098
FEV009152,0,30,7099
FEV009153,0,30,7100
FEV009154,0,30,7101
FEV009156,0,30,7102
FEV009157,0,30,7103
FEV009159,0,30,7104
FEV009161,0,30,7105
FEV009163,0,30,7106
FEV009164,0,30,7107
FEV009165,0,30,7108
FEV009166,0,30,7109
FEV009167,0,30,7110
FEV009169,0,30,7111
FEV009171,0,30,7112
FEV009172,0,30,7113
FEV009173,0,30,7114
FEV009174,0,30,7115
FEV009175,0,30,7116
FEV009176,0,30,7117
FEV009177,0,30,7118
FEV009178,0,30,7119
FEV009182,0,30,7120
FEV009183,0,30,7121
FEV009184,0,30,7122
FEV009186,0,30,7123
FEV009187,0,30,7124
FEV009188,0,30,7125
FEV009189,0,30,7126
FEV009191,0,30,7127
FEV009192,0,30,7128
FEV009194,0,30,7129
FEV009196,0,30,7130
FEV009197,0,30,7131
FEV009198,0,30,7132
FEV009199,0,30,7133
FEV009201,0,30,7134
FEV009202,0,30,7135
FEV009203,0,30,7136
FEV009204,0,30,7137
FEV009206,0,30,7138
FEV009207,0,30,7139
FEV009208,0,30,7140
FEV009209,0,30,7141
FEV009212,0,30,7142
FEV009213,0,30,7143
FEV009216,0,30,7144
FEV009217,0,30,7145
FEV009218,0,30,7146
FEV009219,0,30,7147
FEV009220,0,30,7148
FEV009222,0,30,7149
FEV009223,0,30,7150
FEV009224,0,30,7151
FEV009226,0,30,7152
FEV009228,0,30,7153
FEV009229,0,30,7154
FEV009230,0,30,7155
FEV009231,0,30,7156
FEV009233,0,30,7157
FEV009234,0,30,7158
FEV009235,0,30,7159
FEV009238,0,30,7160
FEV009239,0,30,7161
FEV009240,0,30,7162
FEV009241,0,30,7163
FEV009242,0,30,7164
FEV009243,0,30,7165
FEV009245,0,30,7166
FEV009248,0,30,7167
FEV009249,0,30,7168
FEV009250,0,30,7169
FEV009251,0,30,7170
FEV009252,0,30,7171
FEV009256,0,30,7172
FEV009257,0,30,7173
FEV009258,0,30,7174
FEV009259,0,30,7175
FEV009260,0,30,7176
FEV009261,0,30,7177
FEV009262,0,30,7178
FEV009263,0,30,7179
FEV009264,0,30,7180
FEV009265,0,30,7181
FEV009266,0,30,7182
FEV009267,0,30,7183
FEV009269,0,30,7184
FEV009270,0,30,7185
FEV009271,0,30,7186
FEV009272,0,30,7187
FEV009274,0,30,7188
FEV009275,0,30,7189
FEV009276,0,30,7190
FEV009277,0,30,7191
FEV009278,0,30,7192
FEV009279,0,30,7193
FEV009280,0,30,7194
FEV009281,0,30,7195
FEV009282,0,30,7196
FEV009283,0,30,7197
FEV009284,0,30,7198
FEV009285,0,30,7199
FEV009288,0,30,7200
FEV009289,0,30,7201
FEV009292,0,30,7202
FEV009293,0,30,7203
FEV009295,0,30,7204
FEV009296,0,30,7205
FEV009297,0,30,7206
FEV009298,0,30,7207
FEV009301,0,30,7208
FEV009302,0,30,7209
FEV009303,0,30,7210
FEV009306,0,30,7211
FEV009307,0,30,7212
FEV009308,0,30,7213
FEV009309,0,30,7214
FEV009310,0,30,7215
FEV009311,0,30,7216
FEV009312,0,30,7217
FEV009313,0,30,7218
FEV009314,0,30,7219
FEV009315,0,30,7220
FEV009316,0,30,7221
FEV009317,0,30,7222
FEV009318,0,30,7223
FEV009319,0,30,7224
FEV009320,0,30,7225
FEV009322,0,30,7226
FEV009324,0,30,7227
FEV009325,0,30,7228
FEV009326,0,30,7229
FEV009328,0,30,7230
FEV009329,0,30,7231
FEV009331,0,30,7232
FEV009333,0,30,7233
FEV009334,0,30,7234
FEV009335,0,30,7235
FEV009336,0,30,7236
FEV009338,0,30,7237
FEV009339,0,30,7238
FEV009340,0,30,7239
FEV009341,0,30,7240
FEV009342,0,30,7241
FEV009344,0,30,7242
FEV009345,0,30,7243
FEV009346,0,30,7244
FEV009347,0,30,7245
FEV009348,0,30,7246
FEV009349,0,30,7247
FEV009350,0,30,7248
FEV009351,0,30,7249
FEV009352,0,30,7250
FEV009353,0,30,7251
FEV009354,0,30,7252
FEV009355,0,30,7253
FEV009358,0,30,7254
FEV009359,0,30,7255
FEV009361,0,30,7256
FEV009362,0,30,7257
FEV009364,0,30,7258
FEV009366,0,30,7259
FEV009367,0,30,7260
FEV009368,0,30,7261
FEV009369,0,30,7262
FEV009370,0,30,7263
FEV009372,0,30,7264
FEV009373,0,30,7265
FEV009375,0,30,7266
FEV009376,0,30,7267
FEV009378,0,30,7268
FEV009379,0,30,7269
FEV009380,0,30,7270
FEV009381,0,30,7271
FEV009382,0,30,7272
FEV009383,0,30,7273
FEV009385,0,30,7274
FEV009386,0,30,7275
FEV009387,0,30,7276
FEV009389,0,30,7277
FEV009390,0,30,7278
FEV009391,0,30,7279
FEV009392,0,30,7280
FEV009393,0,30,7281
FEV009394,0,30,7282
FEV009395,0,30,7283
FEV009396,0,30,7284
FEV009397,0,30,7285
FEV009399,0,30,7286
FEV009400,0,30,7287
FEV009401,0,30,7288
FEV009403,0,30,7289
FEV009405,0,30,7290
FEV009406,0,30,7291
FEV009407,0,30,7292
FEV009408,0,30,7293
FEV009409,0,30,7294
FEV009410,0,30,7295
FEV009411,0,30,7296
FEV009412,0,30,7297
FEV009413,0,30,7298
FEV009414,0,30,7299
FEV009417,0,30,7300
FEV009418,0,30,7301
FEV009419,0,30,7302
FEV009421,0,30,7303
FEV009422,0,30,7304
FEV009423,0,30,7305
FEV009424,0,30,7306
FEV009425,0,30,7307
FEV009427,0,30,7308
FEV009428,0,30,7309
FEV009429,0,30,7310
FEV009431,0,30,7311
FEV009432,0,30,7312
FEV009433,0,30,7313
FEV009434,0,30,7314
FEV009435,0,30,7315
FEV009437,0,30,7316
FEV009439,0,30,7317
FEV009440,0,30,7318
FEV009441,0,30,7319
FEV009442,0,30,7320
FEV009443,0,30,7321
FEV009445,0,30,7322
FEV009446,0,30,7323
FEV009447,0,30,7324
FEV009448,0,30,7325
FEV009449,0,30,7326
FEV009451,0,30,7327
FEV009452,0,30,7328
FEV009453,0,30,7329
FEV009454,0,30,7330
FEV009456,0,30,7331
FEV009459,0,30,7332
FEV009461,0,30,7333
FEV009462,0,30,7334
FEV009464,0,30,7335
FEV009465,0,30,7336
FEV009467,0,30,7337
FEV009469,0,30,7338
FEV009472,0,30,7339
FEV009473,0,30,7340
FEV009474,0,30,7341
FEV009475,0,30,7342
FEV009476,0,30,7343
FEV009477,0,30,7344
FEV009479,0,30,7345
FEV009482,0,30,7346
FEV009483,0,30,7347
FEV009484,0,30,7348
FEV009486,0,30,7349
FEV009487,0,30,7350
FEV009490,0,30,7351
FEV009491,0,30,7352
FEV009492,0,30,7353
FEV009493,0,30,7354
FEV009495,0,30,7355
FEV009496,0,30,7356
FEV009497,0,30,7357
FEV009498,0,30,7358
FEV009499,0,30,7359
FEV009501,0,30,7360
FEV009502,0,30,7361
FEV009503,0,30,7362
FEV009504,0,30,7363
FEV009506,0,30,7364
FEV009507,0,30,7365
FEV009509,0,30,7366
FEV009510,0,30,7367
FEV009511,0,30,7368
FEV009512,0,30,7369
FEV009513,0,30,7370
FEV009515,0,30,7371
FEV009516,0,30,7372
FEV009517,0,30,7373
FEV009518,0,30,7374
FEV009519,0,30,7375
FEV009520,0,30,7376
FEV009521,0,30,7377
FEV009523,0,30,7378
FEV009524,0,30,7379
FEV009525,0,30,7380
FEV009527,0,30,7381
FEV009528,0,30,7382
FEV009529,0,30,7383
FEV009530,0,30,7384
FEV009532,0,30,7385
FEV009533,0,30,7386
FEV009534,0,30,7387
FEV009537,0,30,7388
FEV009538,0,30,7389
FEV009539,0,30,7390
FEV009540,0,30,7391
FEV009543,0,30,7392
FEV009544,0,30,7393
FEV009546,0,30,7394
FEV009548,0,30,7395
FEV009549,0,30,7396
FEV009550,0,30,7397
FEV009551,0,30,7398
FEV009552,0,30,7399
FEV009553,0,30,7400
FEV009555,0,30,7401
FEV009558,0,30,7402
FEV009559,0,30,7403
FEV009560,0,30,7404
FEV009561,0,30,7405
FEV009563,0,30,7406
FEV009564,0,30,7407
FEV009565,0,30,7408
FEV009566,0,30,7409
FEV009567,0,30,7410
FEV009568,0,30,7411
FEV009569,0,30,7412
FEV009570,0,30,7413
FEV009571,0,30,7414
FEV009572,0,30,7415
FEV009573,0,30,7416
FEV009574,0,30,7417
FEV009575,0,30,7418
FEV009576,0,30,7419
FEV009578,0,30,7420
FEV009579,0,30,7421
FEV009582,0,30,7422
FEV009585,0,30,7423
FEV009586,0,30,7424
FEV009588,0,30,7425
FEV009589,0,30,7426
FEV009590,0,30,7427
FEV009592,0,30,7428
FEV009593,0,30,7429
FEV009594,0,30,7430
FEV009595,0,30,7431
FEV009596,0,30,7432
FEV009597,0,30,7433
FEV009598,0,30,7434
FEV009599,0,30,7435
FEV009600,0,30,7436
FEV009601,0,30,7437
FEV009602,0,30,7438
FEV009603,0,30,7439
FEV009605,0,30,7440
FEV009606,0,30,7441
FEV009608,0,30,7442
FEV009609,0,30,7443
FEV009610,0,30,7444
FEV009611,0,30,7445
FEV009613,0,30,7446
FEV009614,0,30,7447
FEV009615,0,30,7448
FEV009616,0,30,7449
FEV009617,0,30,7450
FEV009618,0,30,7451
FEV009619,0,30,7452
FEV009621,0,30,7453
FEV009622,0,30,7454
FEV009624,0,30,7455
FEV009625,0,30,7456
FEV009626,0,30,7457
FEV009627,0,30,7458
FEV009628,0,30,7459
FEV009629,0,30,7460
FEV009630,0,30,7461
FEV009631,0,30,7462
FEV009632,0,30,7463
FEV009633,0,30,7464
FEV009635,0,30,7465
FEV009636,0,30,7466
FEV009637,0,30,7467
FEV009638,0,30,7468
FEV009641,0,30,7469
FEV009642,0,30,7470
FEV009644,0,30,7471
FEV009645,0,30,7472
FEV009646,0,30,7473
FEV009647,0,30,7474
FEV009650,0,30,7475
FEV009651,0,30,7476
FEV009652,0,30,7477
FEV009653,0,30,7478
FEV009654,0,30,7479
FEV009655,0,30,7480
FEV009656,0,30,7481
FEV009657,0,30,7482
FEV009658,0,30,7483
FEV009659,0,30,7484
FEV009662,0,30,7485
FEV009663,0,30,7486
FEV009665,0,30,7487
FEV009666,0,30,7488
FEV009667,0,30,7489
FEV009668,0,30,7490
FEV009670,0,30,7491
FEV009672,0,30,7492
FEV009673,0,30,7493
FEV009674,0,30,7494
FEV009675,0,30,7495
FEV009676,0,30,7496
FEV009677,0,30,7497
FEV009678,0,30,7498
FEV009679,0,30,7499
FEV009681,0,30,7500
FEV009682,0,30,7501
FEV009683,0,30,7502
FEV009685,0,30,7503
FEV009686,0,30,7504
FEV009687,0,30,7505
FEV009689,0,30,7506
FEV009690,0,30,7507
FEV009691,0,30,7508
FEV009693,0,30,7509
FEV009694,0,30,7510
FEV009695,0,30,7511
FEV009696,0,30,7512
FEV009697,0,30,7513
FEV009698,0,30,7514
FEV009699,0,30,7515
FEV009700,0,30,7516
FEV009701,0,30,7517
FEV009703,0,30,7518
FEV009705,0,30,7519
FEV009708,0,30,7520
FEV009709,0,30,7521
FEV009711,0,30,7522
FEV009712,0,30,7523
FEV009713,0,30,7524
FEV009714,0,30,7525
FEV009715,0,30,7526
FEV009717,0,30,7527
FEV009719,0,30,7528
FEV009722,0,30,7529
FEV009724,0,30,7530
FEV009726,0,30,7531
FEV009727,0,30,7532
FEV009729,0,30,7533
FEV009730,0,30,7534
FEV009732,0,30,7535
FEV009733,0,30,7536
FEV009734,0,30,7537
FEV009735,0,30,7538
FEV009736,0,30,7539
FEV009737,0,30,7540
FEV009738,0,30,7541
FEV009739,0,30,7542
FEV009741,0,30,7543
FEV009743,0,30,7544
FEV009744,0,30,7545
FEV009745,0,30,7546
FEV009746,0,30,7547
FEV009747,0,30,7548
FEV009748,0,30,7549
FEV009749,0,30,7550
FEV009752,0,30,7551
FEV009754,0,30,7552
FEV009755,0,30,7553
FEV009756,0,30,7554
FEV009757,0,30,7555
FEV009758,0,30,7556
FEV009759,0,30,7557
FEV009761,0,30,7558
FEV009762,0,30,7559
FEV009766,0,30,7560
FEV009768,0,30,7561
FEV009769,0,30,7562
FEV009771,0,30,7563
FEV009774,0,30,7564
FEV009775,0,30,7565
FEV009779,0,30,7566
FEV009781,0,30,7567
FEV009782,0,30,7568
FEV009784,0,30,7569
FEV009786,0,30,7570
FEV009788,0,30,7571
FEV009789,0,30,7572
FEV009790,0,30,7573
FEV009791,0,30,7574
FEV009792,0,30,7575
FEV009793,0,30,7576
FEV009795,0,30,7577
FEV009797,0,30,7578
FEV009798,0,30,7579
FEV009799,0,30,7580
FEV009801,0,30,7581
FEV009802,0,30,7582
FEV009803,0,30,7583
FEV009805,0,30,7584
FEV009807,0,30,7585
FEV009809,0,30,7586
FEV009810,0,30,7587
FEV009812,0,30,7588
FEV009813,0,30,7589
FEV009814,0,30,7590
FEV009815,0,30,7591
FEV009816,0,30,7592
FEV009817,0,30,7593
FEV009818,0,30,7594
FEV009822,0,30,7595
FEV009825,0,30,7596
FEV009828,0,30,7597
FEV009829,0,30,7598
FEV009830,0,30,7599
FEV009832,0,30,7600
FEV009833,0,30,7601
FEV009834,0,30,7602
FEV009836,0,30,7603
FEV009837,0,30,7604
FEV009838,0,30,7605
FEV009840,0,30,7606
FEV009841,0,30,7607
FEV009843,0,30,7608
FEV009845,0,30,7609
FEV009847,0,30,7610
FEV009848,0,30,7611
FEV009850,0,30,7612
FEV009851,0,30,7613
FEV009852,0,30,7614
FEV009853,0,30,7615
FEV009854,0,30,7616
FEV009855,0,30,7617
FEV009856,0,30,7618
FEV009857,0,30,7619
FEV009858,0,30,7620
FEV009859,0,30,7621
FEV009861,0,30,7622
FEV009863,0,30,7623
FEV009864,0,30,7624
FEV009866,0,30,7625
FEV009868,0,30,7626
FEV009869,0,30,7627
FEV009870,0,30,7628
FEV009871,0,30,7629
FEV009872,0,30,7630
FEV009873,0,30,7631
FEV009874,0,30,7632
FEV009876,0,30,7633
FEV009877,0,30,7634
FEV009878,1,41,7635
FEV009879,1,41,7636
FEV009881,1,41,7637
FEV009882,1,41,7638
FEV009886,1,41,7639
FEV009887,1,41,7640
FEV009888,1,41,7641
FEV009889,1,41,7642
FEV009891,1,41,7643
FEV009892,1,41,7644
FEV009894,1,41,7645
FEV009895,1,41,7646
FEV009896,1,41,7647
FEV009897,1,41,7648
FEV009899,1,41,7649
FEV009900,1,41,7650
FEV009901,1,41,7651
FEV009903,1,41,7652
FEV009906,1,41,7653
FEV009907,1,41,7654
FEV009908,1,41,7655
FEV009910,1,41,7656
FEV009911,1,41,7657
FEV009912,1,41,7658
FEV009913,1,41,7659
FEV009915,1,41,7660
FEV009916,1,41,7661
FEV009917,1,41,7662
FEV009919,1,41,7663
FEV009920,1,41,7664
FEV009921,1,41,7665
FEV009924,1,41,7666
FEV009925,1,41,7667
FEV009926,1,41,7668
FEV009927,1,41,7669
FEV009928,1,41,7670
FEV009929,1,41,7671
FEV009930,1,41,7672
FEV009932,1,41,7673
FEV009933,1,41,7674
FEV009934,1,41,7675
FEV009935,1,41,7676
FEV009936,1,41,7677
FEV009937,1,41,7678
FEV009938,1,41,7679
FEV009939,1,41,7680
FEV009940,1,41,7681
FEV009941,1,41,7682
FEV009942,1,41,7683
FEV009943,1,41,7684
FEV009944,1,41,7685
FEV009945,1,41,7686
FEV009946,1,41,7687
FEV009948,1,41,7688
FEV009949,1,41,7689
FEV009950,1,41,7690
FEV009951,1,41,7691
FEV009952,1,41,7692
FEV009954,1,41,7693
FEV009956,1,41,7694
FEV009957,1,41,7695
FEV009958,1,41,7696
FEV009959,1,41,7697
FEV009960,1,41,7698
FEV009961,1,41,7699
FEV009962,1,41,7700
FEV009963,1,41,7701
FEV009964,1,41,7702
FEV009966,1,41,7703
FEV009967,1,41,7704
FEV009968,1,41,7705
FEV009969,1,41,7706
FEV009970,1,41,7707
FEV009971,1,41,7708
FEV009975,1,41,7709
FEV009976,1,41,7710
FEV009977,1,41,7711
FEV009978,1,41,7712
FEV009979,1,41,7713
FEV009982,1,41,7714
FEV009983,1,41,7715
FEV009984,1,41,7716
FEV009986,1,41,7717
FEV009987,1,41,7718
FEV009988,1,41,7719
FEV009989,1,41,7720
FEV009992,1,41,7721
FEV009993,1,41,7722
FEV009994,1,41,7723
FEV009995,1,41,7724
FEV009997,1,41,7725
FEV009999,1,41,7726
FEV010000,1,41,7727
FEV010001,1,41,7728
FEV010003,1,41,7729
FEV010004,1,41,7730
FEV010005,1,41,7731
FEV010006,1,41,7732
FEV010007,1,41,7733
FEV010008,1,41,7734
FEV010009,1,41,7735
FEV010010,1,41,7736
FEV010012,1,41,7737
FEV010013,1,41,7738
FEV010014,1,41,7739
FEV010015,1,41,7740
FEV010016,1,41,7741
FEV010018,1,41,7742
FEV010019,1,41,7743
FEV010020,1,41,7744
FEV010021,1,41,7745
FEV010022,1,41,7746
FEV010023,1,41,7747
FEV010025,1,41,7748
FEV010026,1,41,7749
FEV010027,1,41,7750
FEV010028,1,41,7751
FEV010029,1,41,7752
FEV010030,1,41,7753
FEV010031,1,41,7754
FEV010033,1,41,7755
FEV010035,1,41,7756
FEV010036,1,41,7757
FEV010038,1,41,7758
FEV010039,1,41,7759
FEV010040,1,41,7760
FEV010041,1,41,7761
FEV010042,1,41,7762
FEV010044,1,41,7763
FEV010045,1,41,7764
FEV010047,1,41,7765
FEV010048,1,41,7766
FEV010050,1,41,7767
FEV010051,1,41,7768
FEV010052,1,41,7769
FEV010053,1,41,7770
FEV010054,1,41,7771
FEV010055,1,41,7772
FEV010056,1,41,7773
FEV010057,1,41,7774
FEV010058,1,41,7775
FEV010059,1,41,7776
FEV010061,1,41,7777
FEV010062,1,41,7778
FEV010063,1,41,7779
FEV010064,1,41,7780
FEV010066,1,41,7781
FEV010067,1,41,7782
FEV010068,1,41,7783
FEV010069,1,41,7784
FEV010070,1,41,7785
FEV010071,1,41,7786
FEV010072,1,41,7787
FEV010074,1,41,7788
FEV010078,1,41,7789
FEV010079,1,41,7790
FEV010081,1,41,7791
FEV010082,1,41,7792
FEV010083,1,41,7793
FEV010084,1,41,7794
FEV010086,1,41,7795
FEV010087,1,41,7796
FEV010088,1,41,7797
FEV010089,1,41,7798
FEV010090,1,41,7799
FEV010091,1,41,7800
FEV010092,1,41,7801
FEV010095,1,41,7802
FEV010096,1,41,7803
FEV010097,1,41,7804
FEV010098,1,41,7805
FEV010099,1,41,7806
FEV010100,1,41,7807
FEV010101,1,41,7808
FEV010102,1,41,7809
FEV010103,1,41,7810
FEV010104,1,41,7811
FEV010105,1,41,7812
FEV010106,1,41,7813
FEV010107,1,41,7814
FEV010109,1,41,7815
FEV010110,1,41,7816
FEV010112,1,41,7817
FEV010113,1,41,7818
FEV010115,1,41,7819
FEV010119,1,41,7820
FEV010120,1,41,7821
FEV010121,1,41,7822
FEV010124,1,41,7823
FEV010125,1,41,7824
FEV010126,1,41,7825
FEV010128,1,41,7826
FEV010129,1,41,7827
FEV010132,1,41,7828
FEV010133,1,41,7829
FEV010134,1,41,7830
FEV010136,1,41,7831
FEV010138,1,41,7832
FEV010139,1,41,7833
FEV010140,1,41,7834
FEV010141,1,41,7835
FEV010143,1,41,7836
FEV010144,1,41,7837
FEV010145,1,41,7838
FEV010146,1,41,7839
FEV010148,1,41,7840
FEV010149,1,41,7841
FEV010150,1,41,7842
FEV010152,1,41,7843
FEV010153,1,41,7844
FEV010154,1,41,7845
FEV010155,1,41,7846
FEV010156,1,41,7847
FEV010157,1,41,7848
FEV010158,1,41,7849
FEV010160,1,41,7850
FEV010161,1,41,7851
FEV010163,1,41,7852
FEV010164,1,41,7853
FEV010167,1,41,7854
FEV010168,1,41,7855
FEV010169,1,41,7856
FEV010171,1,41,7857
FEV010172,1,41,7858
FEV010173,1,41,7859
FEV010174,1,41,7860
FEV010175,1,41,7861
FEV010176,1,41,7862
FEV010177,1,41,7863
FEV010178,1,41,7864
FEV010179,1,41,7865
FEV010181,1,41,7866
FEV010182,1,41,7867
FEV010183,1,41,7868
FEV010184,1,41,7869
FEV010185,1,41,7870
FEV010187,1,41,7871
FEV010189,1,41,7872
FEV010190,1,41,7873
FEV010191,1,41,7874
FEV010193,1,41,7875
FEV010194,1,41,7876
FEV010196,1,41,7877
FEV010198,1,41,7878
FEV010199,1,41,7879
FEV010200,1,41,7880
FEV010201,1,41,7881
FEV010202,1,41,7882
FEV010203,1,41,7883
FEV010204,1,41,7884
FEV010205,1,41,7885
FEV010206,1,41,7886
FEV010208,1,41,7887
FEV010212,1,41,7888
FEV010214,1,41,7889
FEV010215,1,41,7890
FEV010216,1,41,7891
FEV010217,1,41,7892
FEV010218,1,41,7893
FEV010220,1,41,7894
FEV010221,1,41,7895
FEV010222,1,41,7896
FEV010223,1,41,7897
FEV010224,1,41,7898
FEV010225,1,41,7899
FEV010226,1,41,7900
FEV010227,1,41,7901
FEV010229,1,41,7902
FEV010230,1,41,7903
FEV010231,1,41,7904
FEV010232,1,41,7905
FEV010234,1,41,7906
FEV010235,1,41,7907
FEV010236,1,41,7908
FEV010238,1,41,7909
FEV010240,1,41,7910
FEV010241,1,41,7911
FEV010243,1,41,7912
FEV010244,1,41,7913
FEV010245,1,41,7914
FEV010246,1,41,7915
FEV010247,1,41,7916
FEV010249,1,41,7917
FEV010251,1,41,7918
FEV010252,1,41,7919
FEV010254,1,41,7920
FEV010255,1,41,7921
FEV010256,1,41,7922
FEV010257,1,41,7923
FEV010259,1,41,7924
FEV010261,1,41,7925
FEV010262,1,41,7926
FEV010263,1,41,7927
FEV010264,1,41,7928
FEV010265,1,41,7929
FEV010268,1,41,7930
FEV010270,1,41,7931
FEV010271,1,41,7932
FEV010272,1,41,7933
FEV010273,1,41,7934
FEV010274,1,41,7935
FEV010275,1,41,7936
FEV010277,1,41,7937
FEV010278,1,41,7938
FEV010280,1,41,7939
FEV010281,1,41,7940
FEV010282,1,41,7941
FEV010283,1,41,7942
FEV010284,1,41,7943
FEV010285,1,41,7944
FEV010286,1,41,7945
FEV010287,1,41,7946
FEV010288,1,41,7947
FEV010289,1,41,7948
FEV010290,1,41,7949
FEV010291,1,41,7950
FEV010292,1,41,7951
FEV010293,1,41,7952
FEV010294,1,41,7953
FEV010296,1,41,7954
FEV010298,1,41,7955
FEV010299,1,41,7956
FEV010301,1,41,7957
FEV010302,1,41,7958
FEV010303,1,41,7959
FEV010304,1,41,7960
FEV010305,1,41,7961
FEV010306,1,41,7962
FEV010307,1,41,7963
FEV010308,1,41,7964
FEV010309,1,41,7965
FEV010310,1,41,7966
FEV010313,1,41,7967
FEV010315,1,41,7968
FEV010316,1,41,7969
FEV010318,1,41,7970
FEV010319,1,41,7971
FEV010320,1,41,7972
FEV010321,1,41,7973
FEV010322,1,41,7974
FEV010323,1,41,7975
FEV010325,1,41,7976
FEV010326,1,41,7977
FEV010327,1,41,7978
FEV010328,1,41,7979
FEV010329,1,41,7980
FEV010330,1,41,7981
FEV010331,1,41,7982
FEV010332,1,41,7983
FEV010333,1,41,7984
FEV010334,1,41,7985
FEV010335,1,41,7986
FEV010336,1,41,7987
FEV010337,1,41,7988
FEV010338,1,41,7989
FEV010340,1,41,7990
FEV010341,1,41,7991
FEV010342,1,41,7992
FEV010343,1,41,7993
FEV010344,1,41,7994
FEV010345,1,41,7995
FEV010346,1,41,7996
FEV010347,1,41,7997
FEV010348,1,41,7998
FEV010349,1,41,7999
FEV010350,1,41,8000
FEV010351,1,41,8001
FEV010353,1,41,8002
FEV010354,1,41,8003
FEV010356,1,41,8004
FEV010360,1,41,8005
FEV010361,1,41,8006
FEV010362,1,41,8007
FEV010363,1,41,8008
FEV010365,1,41,8009
FEV010366,1,41,8010
FEV010367,1,41,8011
FEV010368,1,41,8012
FEV010369,1,41,8013
FEV010370,1,41,8014
FEV010371,1,41,8015
FEV010372,1,41,8016
FEV010373,1,41,8017
FEV010374,1,41,8018
FEV010375,1,41,8019
FEV010376,1,41,8020
FEV010377,1,41,8021
FEV010378,1,41,8022
FEV010379,1,41,8023
FEV010381,1,41,8024
FEV010382,1,41,8025
FEV010383,1,41,8026
FEV010384,1,41,8027
FEV010386,1,41,8028
FEV010387,1,41,8029
FEV010389,1,41,8030
FEV010390,1,41,8031
FEV010391,1,41,8032
FEV010392,1,41,8033
FEV010393,1,41,8034
FEV010395,1,41,8035
FEV010396,1,41,8036
FEV010397,1,41,8037
FEV010399,1,41,8038
FEV010400,1,41,8039
FEV010401,1,41,8040
FEV010402,1,41,8041
FEV010404,1,41,8042
FEV010405,1,41,8043
FEV010406,1,41,8044
FEV010407,1,41,8045
FEV010409,1,41,8046
FEV010410,1,41,8047
FEV010411,1,41,8048
FEV010412,1,41,8049
FEV010416,1,41,8050
FEV010417,1,41,8051
FEV010418,1,41,8052
FEV010423,1,41,8053
FEV010424,1,41,8054
FEV010425,1,41,8055
FEV010426,1,41,8056
FEV010427,1,41,8057
FEV010428,1,41,8058
FEV010429,1,41,8059
FEV010431,1,41,8060
FEV010432,1,41,8061
FEV010434,1,41,8062
FEV010436,1,41,8063
FEV010438,1,41,8064
FEV010440,1,41,8065
FEV010441,1,41,8066
FEV010442,1,41,8067
FEV010443,1,41,8068
FEV010444,1,41,8069
FEV010446,1,41,8070
FEV010447,1,41,8071
FEV010449,1,41,8072
FEV010451,1,41,8073
FEV010452,1,41,8074
FEV010453,1,41,8075
FEV010454,1,41,8076
FEV010455,1,41,8077
FEV010456,1,41,8078
FEV010457,1,41,8079
FEV010458,1,41,8080
FEV010459,1,41,8081
FEV010461,1,41,8082
FEV010462,1,41,8083
FEV010463,1,41,8084
FEV010464,1,41,8085
FEV010466,1,41,8086
FEV010468,1,41,8087
FEV010470,1,41,8088
FEV010471,1,41,8089
FEV010472,1,41,8090
FEV010475,1,41,8091
FEV010477,1,41,8092
FEV010478,1,41,8093
FEV010479,1,41,8094
FEV010480,1,41,8095
FEV010481,1,41,8096
FEV010482,1,41,8097
FEV010485,1,41,8098
FEV010486,1,41,8099
FEV010487,1,41,8100
FEV010488,1,41,8101
FEV010490,1,41,8102
FEV010491,1,41,8103
FEV010492,1,41,8104
FEV010494,1,41,8105
FEV010495,1,41,8106
FEV010496,1,41,8107
FEV010499,1,41,8108
FEV010500,1,41,8109
FEV010501,1,41,8110
FEV010502,1,41,8111
FEV010503,1,41,8112
FEV010504,1,41,8113
FEV010506,1,41,8114
FEV010507,1,41,8115
FEV010508,1,41,8116
FEV010509,1,41,8117
FEV010510,1,41,8118
FEV010511,1,41,8119
FEV010512,1,41,8120
FEV010513,1,41,8121
FEV010514,1,41,8122
FEV010515,1,41,8123
FEV010516,1,41,8124
FEV010517,1,41,8125
FEV010518,1,41,8126
FEV010519,1,41,8127
FEV010520,1,41,8128
FEV010521,1,41,8129
FEV010522,1,41,8130
FEV010523,1,41,8131
FEV010524,1,41,8132
FEV010525,1,41,8133
FEV010526,1,41,8134
FEV010527,1,41,8135
FEV010528,1,41,8136
FEV010531,1,41,8137
FEV010532,1,41,8138
FEV010533,1,41,8139
FEV010535,1,41,8140
FEV010536,1,41,8141
FEV010537,1,41,8142
FEV010539,1,41,8143
FEV010540,1,41,8144
FEV010541,1,41,8145
FEV010542,1,41,8146
FEV010543,1,41,8147
FEV010544,1,41,8148
FEV010545,1,41,8149
FEV010546,1,41,8150
FEV010547,1,41,8151
FEV010548,1,41,8152
FEV010549,1,41,8153
FEV010551,1,41,8154
FEV010552,1,41,8155
FEV010553,1,41,8156
FEV010554,1,41,8157
FEV010556,1,41,8158
FEV010557,1,41,8159
FEV010558,1,41,8160
FEV010560,1,41,8161
FEV010562,1,41,8162
FEV010563,1,41,8163
FEV010564,1,41,8164
FEV010565,1,41,8165
FEV010566,1,41,8166
FEV010567,1,41,8167
FEV010568,1,41,8168
FEV010570,1,41,8169
FEV010571,1,41,8170
FEV010572,1,41,8171
FEV010574,1,41,8172
FEV010576,1,41,8173
FEV010578,1,41,8174
FEV010579,1,41,8175
FEV010580,1,41,8176
FEV010581,1,41,8177
FEV010582,1,41,8178
FEV010583,1,41,8179
FEV010584,1,41,8180
FEV010585,1,41,8181
FEV010586,1,41,8182
FEV010587,1,41,8183
FEV010588,1,41,8184
FEV010589,1,41,8185
FEV010590,1,41,8186
FEV010591,1,41,8187
FEV010592,1,41,8188
FEV010593,1,41,8189
FEV010594,1,41,8190
FEV010595,1,41,8191
FEV010596,1,41,8192
FEV010597,1,41,8193
FEV010598,1,41,8194
FEV010599,1,41,8195
FEV010600,1,41,8196
FEV010601,1,41,8197
FEV010602,1,41,8198
FEV010606,1,41,8199
FEV010607,1,41,8200
FEV010608,1,41,8201
FEV010609,1,41,8202
FEV010610,1,41,8203
FEV010611,1,41,8204
FEV010612,1,41,8205
FEV010613,1,41,8206
FEV010614,1,41,8207
FEV010615,1,41,8208
FEV010616,1,41,8209
FEV010618,1,41,8210
FEV010619,1,41,8211
FEV010620,1,41,8212
FEV010621,1,41,8213
FEV010622,1,41,8214
FEV010623,1,41,8215
FEV010624,1,51,8216
FEV010625,1,51,8217
FEV010627,1,51,8218
FEV010630,1,51,8219
FEV010631,1,51,8220
FEV010632,1,51,8221
FEV010633,1,51,8222
FEV010634,1,51,8223
FEV010636,1,51,8224
FEV010638,1,51,8225
FEV010640,1,51,8226
FEV010643,1,51,8227
FEV010644,1,51,8228
FEV010645,1,51,8229
FEV010646,1,51,8230
FEV010647,1,51,8231
FEV010650,1,51,8232
FEV010651,1,51,8233
FEV010653,1,51,8234
FEV010654,1,51,8235
FEV010655,1,51,8236
FEV010656,1,51,8237
FEV010657,1,51,8238
FEV010658,1,51,8239
FEV010661,1,51,8240
FEV010662,1,51,8241
FEV010663,1,51,8242
FEV010664,1,51,8243
FEV010665,1,51,8244
FEV010666,1,51,8245
FEV010668,1,51,8246
FEV010670,1,51,8247
FEV010671,1,51,8248
FEV010672,1,51,8249
FEV010675,1,51,8250
FEV010676,1,51,8251
FEV010677,1,51,8252
FEV010678,1,51,8253
FEV010679,1,51,8254
FEV010681,1,51,8255
FEV010682,1,51,8256
FEV010684,1,51,8257
FEV010685,1,51,8258
FEV010687,1,51,8259
FEV010688,1,51,8260
FEV010689,1,51,8261
FEV010690,1,51,8262
FEV010691,1,51,8263
FEV010692,1,51,8264
FEV010693,1,51,8265
FEV010699,1,51,8266
FEV010700,1,51,8267
FEV010701,1,51,8268
FEV010702,1,51,8269
FEV010704,1,51,8270
FEV010705,1,51,8271
FEV010706,1,51,8272
FEV010707,1,51,8273
FEV010708,1,51,8274
FEV010709,1,51,8275
FEV010710,1,51,8276
FEV010713,1,51,8277
FEV010714,1,51,8278
FEV010715,1,51,8279
FEV010716,1,51,8280
FEV010717,1,51,8281
FEV010718,1,51,8282
FEV010719,1,51,8283
FEV010720,1,51,8284
FEV010721,1,51,8285
FEV010722,1,51,8286
FEV010724,1,51,8287
FEV010725,1,51,8288
FEV010726,1,51,8289
FEV010727,1,51,8290
FEV010728,1,51,8291
FEV010729,1,51,8292
FEV010730,1,51,8293
FEV010731,1,51,8294
FEV010732,1,51,8295
FEV010734,1,51,8296
FEV010735,1,51,8297
FEV010736,1,51,8298
FEV010737,1,51,8299
FEV010738,1,51,8300
FEV010739,1,51,8301
FEV010740,1,51,8302
FEV010741,1,51,8303
FEV010742,1,51,8304
FEV010743,1,51,8305
FEV010744,1,51,8306
FEV010746,1,51,8307
FEV010747,1,51,8308
FEV010748,1,51,8309
FEV010750,1,51,8310
FEV010751,1,51,8311
FEV010752,1,51,8312
FEV010753,1,51,8313
FEV010755,1,51,8314
FEV010756,1,51,8315
FEV010758,1,51,8316
FEV010759,1,51,8317
FEV010760,1,51,8318
FEV010761,1,51,8319
FEV010763,1,51,8320
FEV010764,1,51,8321
FEV010765,1,51,8322
FEV010766,1,51,8323
FEV010767,1,51,8324
FEV010768,1,51,8325
FEV010769,1,51,8326
FEV010770,1,51,8327
FEV010771,1,51,8328
FEV010772,1,51,8329
FEV010773,1,51,8330
FEV010774,1,51,8331
FEV010775,1,51,8332
FEV010776,1,51,8333
FEV010777,1,51,8334
FEV010778,1,51,8335
FEV010779,1,51,8336
FEV010780,1,51,8337
FEV010782,1,51,8338
FEV010783,1,51,8339
FEV010784,1,51,8340
FEV010785,1,31,8341
FEV010786,1,31,8342
FEV010789,1,31,8343
FEV010790,1,31,8344
FEV010791,1,31,8345
FEV010792,1,31,8346
FEV010793,1,31,8347
FEV010794,1,31,8348
FEV010795,1,31,8349
FEV010796,1,31,8350
FEV010797,1,31,8351
FEV010799,1,31,8352
FEV010801,1,31,8353
FEV010802,1,31,8354
FEV010805,1,31,8355
FEV010806,1,31,8356
FEV010808,1,31,8357
FEV010809,1,31,8358
FEV010810,1,31,8359
FEV010811,1,31,8360
FEV010812,1,31,8361
FEV010813,1,31,8362
FEV010814,1,31,8363
FEV010816,1,31,8364
FEV010817,1,31,8365
FEV010818,1,31,8366
FEV010819,1,31,8367
FEV010820,1,31,8368
FEV010821,1,31,8369
FEV010822,1,31,8370
FEV010823,1,31,8371
FEV010824,1,31,8372
FEV010825,1,31,8373
FEV010826,1,31,8374
FEV010828,1,31,8375
FEV010829,1,31,8376
FEV010830,1,31,8377
FEV010832,1,31,8378
FEV010833,1,31,8379
FEV010834,1,31,8380
FEV010835,1,31,8381
FEV010836,1,31,8382
FEV010838,1,31,8383
FEV010839,1,31,8384
FEV010841,1,31,8385
FEV010844,1,31,8386
FEV010845,1,31,8387
FEV010846,1,31,8388
FEV010849,1,31,8389
FEV010854,1,31,8390
FEV010855,1,31,8391
FEV010856,1,31,8392
FEV010858,1,31,8393
FEV010859,1,31,8394
FEV010862,1,31,8395
FEV010863,1,31,8396
FEV010864,1,31,8397
FEV010865,1,31,8398
FEV010866,1,31,8399
FEV010867,1,31,8400
FEV010870,1,31,8401
FEV010871,1,31,8402
FEV010873,1,31,8403
FEV010875,1,31,8404
FEV010877,1,31,8405
FEV010879,1,31,8406
FEV010882,1,31,8407
FEV010883,1,31,8408
FEV010884,1,31,8409
FEV010885,1,31,8410
FEV010891,1,31,8411
FEV010892,1,31,8412
FEV010893,1,31,8413
FEV010895,1,31,8414
FEV010897,1,31,8415
FEV010898,1,31,8416
FEV010899,1,31,8417
FEV010900,1,31,8418
FEV010901,1,31,8419
FEV010902,1,31,8420
FEV010903,1,31,8421
FEV010904,1,31,8422
FEV010905,1,31,8423
FEV010906,1,31,8424
FEV010907,1,31,8425
FEV010908,1,31,8426
FEV010909,1,31,8427
FEV010910,1,31,8428
FEV010911,1,31,8429
FEV010913,1,31,8430
FEV010914,1,31,8431
FEV010915,1,31,8432
FEV010917,1,31,8433
FEV010918,1,31,8434
FEV010919,1,31,8435
FEV010921,1,31,8436
FEV010924,1,31,8437
FEV010925,1,31,8438
FEV010929,1,31,8439
FEV010930,1,31,8440
FEV010931,1,31,8441
FEV010932,1,31,8442
FEV010933,1,31,8443
FEV010934,1,31,8444
FEV010935,1,31,8445
FEV010937,1,31,8446
FEV010938,1,31,8447
FEV010943,1,31,8448
FEV010944,1,31,8449
FEV010945,1,31,8450
FEV010946,1,31,8451
FEV010947,1,31,8452
FEV010948,1,31,8453
FEV010949,1,31,8454
FEV010950,1,31,8455
FEV010951,1,31,8456
FEV010952,1,31,8457
FEV010953,1,31,8458
FEV010954,1,31,8459
FEV010955,1,31,8460
FEV010956,1,31,8461
FEV010957,1,31,8462
FEV010958,1,31,8463
FEV010959,1,31,8464
FEV010960,1,31,8465
FEV010962,1,31,8466
FEV010963,1,31,8467
FEV010964,1,31,8468
FEV010965,1,31,8469
FEV010966,1,31,8470
FEV010967,1,31,8471
FEV010968,1,31,8472
FEV010969,1,31,8473
FEV010971,1,31,8474
FEV010972,1,31,8475
FEV010973,1,31,8476
FEV010974,1,31,8477
FEV010975,1,31,8478
FEV010976,1,31,8479
FEV010977,1,31,8480
FEV010978,1,31,8481
FEV010979,1,31,8482
FEV010980,1,31,8483
FEV010981,1,31,8484
FEV010982,1,31,8485
FEV010984,1,31,8486
FEV010985,1,31,8487
FEV010986,1,31,8488
FEV010987,1,31,8489
FEV010988,1,31,8490
FEV010990,1,31,8491
FEV010991,1,31,8492
FEV010992,1,31,8493
FEV010995,1,31,8494
FEV010996,1,31,8495
FEV010998,1,31,8496
FEV010999,1,31,8497
FEV011000,1,31,8498
FEV011001,1,31,8499
FEV011002,1,31,8500
FEV011003,1,31,8501
FEV011004,1,31,8502
FEV011006,1,31,8503
FEV011009,1,31,8504
FEV011010,1,31,8505
FEV011011,1,31,8506
FEV011013,1,31,8507
FEV011015,1,31,8508
FEV011016,1,31,8509
FEV011017,1,31,8510
FEV011018,1,31,8511
FEV011021,1,31,8512
FEV011022,1,31,8513
FEV011024,1,31,8514
FEV011025,1,31,8515
FEV011027,1,31,8516
FEV011028,1,31,8517
FEV011031,1,31,8518
FEV011032,1,31,8519
FEV011034,1,31,8520
FEV011035,1,31,8521
FEV011036,1,31,8522
FEV011038,1,31,8523
FEV011040,1,31,8524
FEV011041,1,31,8525
FEV011042,1,31,8526
FEV011043,1,31,8527
FEV011044,1,31,8528
FEV011045,1,31,8529
FEV011046,1,31,8530
FEV011047,1,31,8531
FEV011049,1,31,8532
FEV011050,1,31,8533
FEV011051,1,31,8534
FEV011053,1,31,8535
FEV011056,1,31,8536
FEV011057,1,31,8537
FEV011061,1,31,8538
FEV011062,1,31,8539
FEV011063,1,31,8540
FEV011064,1,31,8541
FEV011066,1,31,8542
FEV011067,1,31,8543
FEV011070,1,31,8544
FEV011071,1,31,8545
FEV011072,1,31,8546
FEV011074,1,31,8547
FEV011076,1,31,8548
FEV011077,1,31,8549
FEV011078,1,31,8550
FEV011079,1,31,8551
FEV011080,1,31,8552
FEV011082,1,31,8553
FEV011083,1,31,8554
FEV011084,1,31,8555
FEV011085,1,31,8556
FEV011086,1,31,8557
FEV011088,1,31,8558
FEV011089,1,31,8559
FEV011090,1,31,8560
FEV011092,1,31,8561
FEV011093,1,31,8562
FEV011095,1,31,8563
FEV011096,1,31,8564
FEV011098,1,31,8565
FEV011100,1,31,8566
FEV011101,1,31,8567
FEV011102,1,31,8568
FEV011103,1,31,8569
FEV011104,1,31,8570
FEV011105,1,31,8571
FEV011108,1,31,8572
FEV011109,1,31,8573
FEV011110,1,31,8574
FEV011111,1,31,8575
FEV011112,1,31,8576
FEV011113,1,31,8577
FEV011117,1,31,8578
FEV011119,1,31,8579
FEV011120,1,31,8580
FEV011121,1,31,8581
FEV011122,1,31,8582
FEV011123,1,31,8583
FEV011124,1,31,8584
FEV011125,1,31,8585
FEV011126,1,31,8586
FEV011127,1,31,8587
FEV011128,1,31,8588
FEV011129,1,31,8589
FEV011130,1,31,8590
FEV011131,1,31,8591
FEV011132,1,31,8592
FEV011133,1,31,8593
FEV011134,1,31,8594
FEV011135,1,31,8595
FEV011137,1,31,8596
FEV011138,1,31,8597
FEV011139,1,31,8598
FEV011140,1,31,8599
FEV011141,1,31,8600
FEV011142,1,31,8601
FEV011143,1,31,8602
FEV011144,1,31,8603
FEV011145,1,31,8604
FEV011146,1,31,8605
FEV011147,1,31,8606
FEV011148,1,31,8607
FEV011149,1,31,8608
FEV011150,1,31,8609
FEV011153,1,31,8610
FEV011154,1,31,8611
FEV011155,1,31,8612
FEV011156,1,31,8613
FEV011158,1,31,8614
FEV011159,1,31,8615
FEV011160,1,31,8616
FEV011161,1,31,8617
FEV011163,1,31,8618
FEV011164,1,31,8619
FEV011167,1,31,8620
FEV011168,1,31,8621
FEV011169,1,31,8622
FEV011170,1,31,8623
FEV011171,1,31,8624
FEV011172,1,31,8625
FEV011173,1,31,8626
FEV011174,1,31,8627
FEV011175,1,31,8628
FEV011176,1,31,8629
FEV011178,1,31,8630
FEV011179,1,31,8631
FEV011181,1,31,8632
FEV011182,1,31,8633
FEV011183,1,31,8634
FEV011184,1,31,8635
FEV011185,1,31,8636
FEV011186,1,31,8637
FEV011187,1,31,8638
FEV011188,1,31,8639
FEV011189,1,31,8640
FEV011190,1,31,8641
FEV011191,1,31,8642
FEV011192,1,31,8643
FEV011193,1,31,8644
FEV011195,1,31,8645
FEV011196,1,31,8646
FEV011197,1,31,8647
FEV011199,1,31,8648
FEV011201,1,31,8649
FEV011204,1,31,8650
FEV011206,1,31,8651
FEV011207,1,31,8652
FEV011208,1,31,8653
FEV011209,1,31,8654
FEV011211,1,31,8655
FEV011212,1,31,8656
FEV011213,1,31,8657
FEV011214,1,31,8658
FEV011215,1,31,8659
FEV011216,1,31,8660
FEV011217,1,31,8661
FEV011218,1,31,8662
FEV011219,1,31,8663
FEV011221,1,31,8664
FEV011222,1,31,8665
FEV011225,1,31,8666
FEV011227,1,31,8667
FEV011228,1,31,8668
FEV011229,1,31,8669
FEV011231,1,31,8670
FEV011232,1,31,8671
FEV011233,1,31,8672
FEV011235,1,31,8673
FEV011236,1,31,8674
FEV011237,1,31,8675
FEV011238,1,31,8676
FEV011239,1,31,8677
FEV011241,1,31,8678
FEV011242,1,31,8679
FEV011243,1,31,8680
FEV011244,1,31,8681
FEV011245,1,31,8682
FEV011246,1,31,8683
FEV011250,1,31,8684
FEV011251,1,31,8685
FEV011252,1,31,8686
FEV011253,1,31,8687
FEV011254,1,31,8688
FEV011255,1,31,8689
FEV011256,1,31,8690
FEV011258,1,31,8691
FEV011259,1,31,8692
FEV011261,1,31,8693
FEV011262,1,31,8694
FEV011263,1,31,8695
FEV011264,1,31,8696
FEV011265,1,31,8697
FEV011267,1,31,8698
FEV011268,1,31,8699
FEV011269,1,31,8700
FEV011270,1,31,8701
FEV011271,1,31,8702
FEV011272,1,31,8703
FEV011273,1,31,8704
FEV011274,1,31,8705
FEV011276,1,31,8706
FEV011277,1,31,8707
FEV011278,1,31,8708
FEV011279,1,31,8709
FEV011280,1,31,8710
FEV011281,1,31,8711
FEV011282,1,31,8712
FEV011284,1,31,8713
FEV011285,1,31,8714
FEV011286,1,31,8715
FEV011287,1,31,8716
FEV011288,1,31,8717
FEV011289,1,31,8718
FEV011290,1,31,8719
FEV011293,1,31,8720
FEV011295,1,31,8721
FEV011297,1,31,8722
FEV011298,1,31,8723
FEV011299,1,31,8724
FEV011301,1,31,8725
FEV011302,1,31,8726
FEV011303,1,31,8727
FEV011304,1,31,8728
FEV011306,1,31,8729
FEV011307,1,31,8730
FEV011308,1,31,8731
FEV011310,1,31,8732
FEV011312,1,31,8733
FEV011313,1,31,8734
FEV011314,1,31,8735
FEV011315,1,31,8736
FEV011316,1,31,8737
FEV011317,1,31,8738
FEV011318,1,31,8739
FEV011319,1,31,8740
FEV011320,1,31,8741
FEV011321,1,31,8742
FEV011322,1,31,8743
FEV011325,1,31,8744
FEV011326,1,31,8745
FEV011327,1,31,8746
FEV011328,1,31,8747
FEV011330,1,31,8748
FEV011331,1,31,8749
FEV011332,1,31,8750
FEV011333,1,31,8751
FEV011336,1,31,8752
FEV011337,1,31,8753
FEV011338,1,31,8754
FEV011339,1,31,8755
FEV011340,1,31,8756
FEV011343,1,31,8757
FEV011346,1,31,8758
FEV011347,1,31,8759
FEV011349,1,31,8760
FEV011350,1,31,8761
FEV011351,1,31,8762
FEV011352,1,31,8763
FEV011353,1,31,8764
FEV011355,1,31,8765
FEV011356,1,31,8766
FEV011357,1,31,8767
FEV011358,1,31,8768
FEV011359,1,31,8769
FEV011360,1,31,8770
FEV011361,1,31,8771
FEV011363,1,31,8772
FEV011364,1,31,8773
FEV011365,1,31,8774
FEV011366,1,31,8775
FEV011367,1,31,8776
FEV011370,1,31,8777
FEV011372,1,31,8778
FEV011374,1,31,8779
FEV011375,1,31,8780
FEV011376,1,31,8781
FEV011377,1,31,8782
FEV011378,1,31,8783
FEV011379,1,31,8784
FEV011381,1,31,8785
FEV011382,1,31,8786
FEV011383,1,31,8787
FEV011384,1,31,8788
FEV011385,1,31,8789
FEV011386,1,31,8790
FEV011387,1,31,8791
FEV011389,1,31,8792
FEV011391,1,31,8793
FEV011392,1,31,8794
FEV011393,1,31,8795
FEV011394,1,31,8796
FEV011395,1,31,8797
FEV011396,1,31,8798
FEV011397,1,31,8799
FEV011399,1,31,8800
FEV011400,1,31,8801
FEV011401,1,31,8802
FEV011402,1,31,8803
FEV011403,1,31,8804
FEV011404,1,31,8805
FEV011405,1,31,8806
FEV011406,1,31,8807
FEV011407,1,31,8808
FEV011409,1,31,8809
FEV011410,1,31,8810
FEV011411,1,31,8811
FEV011412,1,31,8812
FEV011413,1,31,8813
FEV011414,1,31,8814
FEV011415,1,31,8815
FEV011416,1,31,8816
FEV011417,1,31,8817
FEV011418,1,31,8818
FEV011419,1,31,8819
FEV011420,1,31,8820
FEV011422,1,31,8821
FEV011423,1,31,8822
FEV011424,1,31,8823
FEV011426,1,31,8824
FEV011427,1,31,8825
FEV011428,1,31,8826
FEV011429,1,31,8827
FEV011430,1,31,8828
FEV011431,1,31,8829
FEV011433,1,31,8830
FEV011434,1,31,8831
FEV011436,1,31,8832
FEV011439,1,31,8833
FEV011441,1,31,8834
FEV011442,1,31,8835
FEV011443,1,31,8836
FEV011444,1,31,8837
FEV011445,1,31,8838
FEV011446,1,31,8839
FEV011447,1,31,8840
FEV011450,1,31,8841
FEV011453,1,31,8842
FEV011454,1,31,8843
FEV011455,1,31,8844
FEV011456,1,31,8845
FEV011457,1,31,8846
FEV011458,1,31,8847
FEV011460,1,31,8848
FEV011462,1,31,8849
FEV011463,1,31,8850
FEV011467,1,31,8851
FEV011469,1,31,8852
FEV011470,1,31,8853
FEV011472,1,31,8854
FEV011473,1,31,8855
FEV011474,1,31,8856
FEV011475,1,31,8857
FEV011476,1,31,8858
FEV011477,1,31,8859
FEV011479,1,31,8860
FEV011480,1,31,8861
FEV011481,1,31,8862
FEV011483,1,31,8863
FEV011484,1,31,8864
FEV011485,1,31,8865
FEV011487,1,31,8866
FEV011488,1,31,8867
FEV011491,1,31,8868
FEV011492,1,31,8869
FEV011493,1,31,8870
FEV011494,1,31,8871
FEV011495,1,31,8872
FEV011498,1,31,8873
FEV011500,1,31,8874
FEV011502,1,31,8875
FEV011503,1,31,8876
FEV011504,1,31,8877
FEV011505,1,31,8878
FEV011506,1,31,8879
FEV011508,1,31,8880
FEV011509,1,31,8881
FEV011510,1,31,8882
FEV011511,1,31,8883
FEV011512,1,31,8884
FEV011514,1,31,8885
FEV011515,1,31,8886
FEV011517,1,31,8887
FEV011518,1,31,8888
FEV011519,1,31,8889
FEV011520,1,31,8890
FEV011522,1,31,8891
FEV011524,1,31,8892
FEV011525,1,31,8893
FEV011526,1,31,8894
FEV011527,1,31,8895
FEV011528,1,31,8896
FEV011529,1,31,8897
FEV011532,1,31,8898
FEV011533,1,31,8899
FEV011534,1,31,8900
FEV011535,1,31,8901
FEV011537,1,31,8902
FEV011538,1,31,8903
FEV011539,1,31,8904
FEV011540,1,31,8905
FEV011541,1,31,8906
FEV011542,1,31,8907
FEV011543,1,31,8908
FEV011544,1,31,8909
FEV011545,1,31,8910
FEV011546,1,31,8911
FEV011547,1,31,8912
FEV011548,1,31,8913
FEV011549,1,31,8914
FEV011550,1,31,8915
FEV011551,1,31,8916
FEV011552,1,31,8917
FEV011553,1,31,8918
FEV011554,1,31,8919
FEV011555,1,31,8920
FEV011556,1,31,8921
FEV011557,1,31,8922
FEV011558,1,31,8923
FEV011559,1,31,8924
FEV011560,1,31,8925
FEV011561,1,31,8926
FEV011562,1,31,8927
FEV011566,1,31,8928
FEV011567,1,31,8929
FEV011568,1,31,8930
FEV011569,1,31,8931
FEV011570,1,31,8932
FEV011571,1,31,8933
FEV011572,1,31,8934
FEV011575,1,31,8935
FEV011576,1,31,8936
FEV011577,1,31,8937
FEV011578,1,31,8938
FEV011579,1,31,8939
FEV011581,1,31,8940
FEV011582,1,31,8941
FEV011584,1,31,8942
FEV011585,1,31,8943
FEV011587,1,31,8944
FEV011589,1,31,8945
FEV011591,1,31,8946
FEV011592,1,31,8947
FEV011593,1,31,8948
FEV011597,1,31,8949
FEV011598,1,31,8950
FEV011599,1,31,8951
FEV011600,1,31,8952
FEV011601,1,31,8953
FEV011602,1,31,8954
FEV011604,1,31,8955
FEV011605,1,31,8956
FEV011606,1,31,8957
FEV011608,1,31,8958
FEV011609,1,31,8959
FEV011610,1,31,8960
FEV011611,1,31,8961
FEV011612,1,31,8962
FEV011613,1,31,8963
FEV011614,1,31,8964
FEV011615,1,31,8965
FEV011617,1,31,8966
FEV011619,1,31,8967
FEV011620,1,31,8968
FEV011621,1,31,8969
FEV011622,1,31,8970
FEV011623,1,31,8971
FEV011625,1,31,8972
FEV011627,1,31,8973
FEV011629,1,31,8974
FEV011630,2,11,8975
FEV011631,2,11,8976
FEV011632,2,11,8977
FEV011634,2,11,8978
FEV011635,2,11,8979
FEV011636,2,11,8980
FEV011638,2,11,8981
FEV011639,2,11,8982
FEV011640,2,11,8983
FEV011642,2,11,8984
FEV011643,2,11,8985
FEV011644,2,11,8986
FEV011647,2,11,8987
FEV011648,2,11,8988
FEV011650,2,11,8989
FEV011651,2,11,8990
FEV011652,2,11,8991
FEV011653,2,11,8992
FEV011654,2,11,8993
FEV011657,2,11,8994
FEV011660,2,11,8995
FEV011661,2,11,8996
FEV011662,2,11,8997
FEV011663,2,11,8998
FEV011666,2,11,8999
FEV011667,2,11,9000
FEV011668,2,11,9001
FEV011669,2,11,9002
FEV011670,2,11,9003
FEV011671,2,11,9004
FEV011673,2,11,9005
FEV011676,2,11,9006
FEV011677,2,11,9007
FEV011678,2,11,9008
FEV011679,2,11,9009
FEV011680,2,11,9010
FEV011682,2,11,9011
FEV011684,2,11,9012
FEV011685,2,11,9013
FEV011686,2,11,9014
FEV011688,2,11,9015
FEV011690,2,11,9016
FEV011691,2,11,9017
FEV011692,2,11,9018
FEV011694,2,11,9019
FEV011695,2,11,9020
FEV011696,2,11,9021
FEV011697,2,11,9022
FEV011698,2,11,9023
FEV011699,2,11,9024
FEV011700,2,11,9025
FEV011702,2,11,9026
FEV011703,2,11,9027
FEV011704,2,11,9028
FEV011706,2,11,9029
FEV011707,2,11,9030
FEV011708,2,11,9031
FEV011709,2,11,9032
FEV011710,2,11,9033
FEV011711,2,11,9034
FEV011713,2,11,9035
FEV011714,2,11,9036
FEV011715,2,11,9037
FEV011716,2,11,9038
FEV011717,2,11,9039
FEV011718,2,11,9040
FEV011720,2,11,9041
FEV011721,2,11,9042
FEV011722,2,11,9043
FEV011723,2,11,9044
FEV011724,2,11,9045
FEV011726,2,11,9046
FEV011727,2,11,9047
FEV011728,2,11,9048
FEV011729,2,11,9049
FEV011731,2,11,9050
FEV011732,2,11,9051
FEV011733,2,11,9052
FEV011734,2,11,9053
FEV011735,2,11,9054
FEV011736,2,11,9055
FEV011737,2,11,9056
FEV011739,2,11,9057
FEV011741,2,11,9058
FEV011742,2,11,9059
FEV011743,2,11,9060
FEV011744,2,11,9061
FEV011745,2,11,9062
FEV011746,2,11,9063
FEV011747,2,11,9064
FEV011748,2,11,9065
FEV011749,2,11,9066
FEV011750,2,11,9067
FEV011751,2,11,9068
FEV011753,2,11,9069
FEV011755,2,11,9070
FEV011756,2,11,9071
FEV011761,2,11,9072
FEV011762,2,11,9073
FEV011763,2,11,9074
FEV011764,2,11,9075
FEV011765,2,11,9076
FEV011767,2,11,9077
FEV011768,2,11,9078
FEV011769,2,11,9079
FEV011771,2,11,9080
FEV011772,2,11,9081
FEV011774,2,11,9082
FEV011775,2,11,9083
FEV011776,2,11,9084
FEV011778,2,11,9085
FEV011779,2,11,9086
FEV011780,2,11,9087
FEV011781,2,11,9088
FEV011782,2,11,9089
FEV011783,2,11,9090
FEV011784,2,11,9091
FEV011785,2,11,9092
FEV011786,2,11,9093
FEV011787,2,11,9094
FEV011788,2,11,9095
FEV011789,2,11,9096
FEV011790,2,11,9097
FEV011794,2,11,9098
FEV011795,2,11,9099
FEV011796,2,11,9100
FEV011797,2,11,9101
FEV011798,2,11,9102
FEV011799,2,11,9103
FEV011801,2,11,9104
FEV011802,2,11,9105
FEV011803,2,11,9106
FEV011804,2,11,9107
FEV011805,2,11,9108
FEV011806,2,11,9109
FEV011807,2,11,9110
FEV011808,2,11,9111
FEV011810,2,11,9112
FEV011812,2,11,9113
FEV011813,2,11,9114
FEV011815,2,11,9115
FEV011818,2,11,9116
FEV011820,2,11,9117
FEV011821,2,11,9118
FEV011825,2,11,9119
FEV011826,2,11,9120
FEV011827,2,11,9121
FEV011828,2,11,9122
FEV011829,2,11,9123
FEV011831,2,11,9124
FEV011832,2,11,9125
FEV011834,2,11,9126
FEV011836,2,11,9127
FEV011837,2,11,9128
FEV011838,2,11,9129
FEV011839,2,11,9130
FEV011842,2,11,9131
FEV011843,2,11,9132
FEV011844,2,11,9133
FEV011845,2,11,9134
FEV011846,2,11,9135
FEV011847,2,11,9136
FEV011848,2,11,9137
FEV011849,2,11,9138
FEV011850,2,11,9139
FEV011851,2,11,9140
FEV011852,2,11,9141
FEV011854,2,11,9142
FEV011855,2,11,9143
FEV011856,2,11,9144
FEV011858,2,11,9145
FEV011859,2,11,9146
FEV011860,2,11,9147
FEV011861,2,11,9148
FEV011862,2,11,9149
FEV011863,2,11,9150
FEV011864,2,11,9151
FEV011865,2,11,9152
FEV011866,2,11,9153
FEV011867,2,11,9154
FEV011869,2,11,9155
FEV011870,2,11,9156
FEV011871,2,11,9157
FEV011873,2,11,9158
FEV011875,2,11,9159
FEV011876,2,11,9160
FEV011877,2,11,9161
FEV011878,2,11,9162
FEV011879,2,11,9163
FEV011881,2,11,9164
FEV011883,2,11,9165
FEV011884,2,11,9166
FEV011885,2,11,9167
FEV011886,2,11,9168
FEV011887,2,11,9169
FEV011888,2,11,9170
FEV011889,2,11,9171
FEV011890,2,11,9172
FEV011891,2,11,9173
FEV011893,2,11,9174
FEV011895,2,11,9175
FEV011897,2,11,9176
FEV011898,2,11,9177
FEV011899,2,11,9178
FEV011900,2,11,9179
FEV011901,2,11,9180
FEV011902,2,11,9181
FEV011903,2,11,9182
FEV011906,2,11,9183
FEV011908,2,11,9184
FEV011910,2,11,9185
FEV011911,2,11,9186
FEV011912,2,11,9187
FEV011915,2,11,9188
FEV011916,2,11,9189
FEV011918,2,11,9190
FEV011919,2,11,9191
FEV011921,2,11,9192
FEV011922,2,11,9193
FEV011924,2,11,9194
FEV011925,2,11,9195
FEV011926,2,11,9196
FEV011929,2,11,9197
FEV011931,2,11,9198
FEV011933,2,11,9199
FEV011934,2,11,9200
FEV011936,2,11,9201
FEV011937,2,11,9202
FEV011938,2,11,9203
FEV011939,2,11,9204
FEV011940,2,11,9205
FEV011941,2,11,9206
FEV011942,2,11,9207
FEV011944,2,11,9208
FEV011947,2,11,9209
FEV011948,2,11,9210
FEV011949,2,11,9211
FEV011951,2,11,9212
FEV011952,2,11,9213
FEV011953,2,11,9214
FEV011954,2,11,9215
FEV011956,2,11,9216
FEV011958,2,11,9217
FEV011959,2,11,9218
FEV011960,2,11,9219
FEV011962,2,11,9220
FEV011963,2,11,9221
FEV011964,2,11,9222
FEV011966,2,11,9223
FEV011967,2,11,9224
FEV011968,2,11,9225
FEV011969,2,11,9226
FEV011971,2,11,9227
FEV011972,2,11,9228
FEV011973,2,11,9229
FEV011974,2,11,9230
FEV011975,2,11,9231
FEV011976,2,11,9232
FEV011977,2,11,9233
FEV011978,2,11,9234
FEV011980,2,11,9235
FEV011981,2,11,9236
FEV011982,2,11,9237
FEV011983,2,11,9238
FEV011984,2,11,9239
FEV011985,2,11,9240
FEV011986,2,11,9241
FEV011987,2,11,9242
FEV011989,2,11,9243
FEV011990,2,11,9244
FEV011991,2,11,9245
FEV011993,2,11,9246
FEV011994,2,11,9247
FEV011995,2,11,9248
FEV011996,2,11,9249
FEV011997,2,11,9250
FEV011998,2,11,9251
FEV011999,2,11,9252
FEV012000,2,11,9253
FEV012002,2,11,9254
FEV012003,2,11,9255
FEV012004,2,11,9256
FEV012006,2,11,9257
FEV012007,2,11,9258
FEV012008,2,11,9259
FEV012009,2,11,9260
FEV012010,2,11,9261
FEV012011,2,11,9262
FEV012012,2,11,9263
FEV012014,2,11,9264
FEV012015,2,11,9265
FEV012016,2,11,9266
FEV012018,2,11,9267
FEV012019,2,11,9268
FEV012020,2,11,9269
FEV012021,2,11,9270
FEV012022,2,11,9271
FEV012023,2,11,9272
FEV012024,2,11,9273
FEV012026,2,11,9274
FEV012027,2,11,9275
FEV012028,2,11,9276
FEV012029,2,11,9277
FEV012030,2,11,9278
FEV012031,2,11,9279
FEV012032,2,11,9280
FEV012033,2,11,9281
FEV012034,2,11,9282
FEV012035,2,11,9283
FEV012036,2,11,9284
FEV012037,2,11,9285
FEV012038,2,11,9286
FEV012041,2,11,9287
FEV012042,2,11,9288
FEV012043,2,11,9289
FEV012045,2,11,9290
FEV012046,2,11,9291
FEV012047,2,11,9292
FEV012048,2,11,9293
FEV012049,2,11,9294
FEV012051,2,11,9295
FEV012053,2,11,9296
FEV012054,2,11,9297
FEV012055,2,11,9298
FEV012057,2,11,9299
FEV012058,2,11,9300
FEV012059,2,11,9301
FEV012061,2,11,9302
FEV012062,2,11,9303
FEV012063,2,11,9304
FEV012065,2,11,9305
FEV012066,2,11,9306
FEV012067,2,11,9307
FEV012071,2,11,9308
FEV012072,2,11,9309
FEV012074,2,11,9310
FEV012075,2,11,9311
FEV012076,2,11,9312
FEV012077,2,11,9313
FEV012078,2,11,9314
FEV012079,2,11,9315
FEV012080,2,11,9316
FEV012081,2,11,9317
FEV012082,2,11,9318
FEV012083,2,11,9319
FEV012084,2,11,9320
FEV012085,2,11,9321
FEV012086,2,11,9322
FEV012087,2,11,9323
FEV012088,2,11,9324
FEV012089,2,11,9325
FEV012091,2,11,9326
FEV012092,2,11,9327
FEV012093,2,11,9328
FEV012095,2,11,9329
FEV012096,2,11,9330
FEV012098,2,11,9331
FEV012099,2,11,9332
FEV012101,2,11,9333
FEV012102,2,11,9334
FEV012103,2,11,9335
FEV012104,2,11,9336
FEV012106,2,11,9337
FEV012107,2,11,9338
FEV012108,2,11,9339
FEV012110,2,11,9340
FEV012111,2,11,9341
FEV012112,2,11,9342
FEV012113,2,11,9343
FEV012114,2,11,9344
FEV012115,2,11,9345
FEV012116,2,11,9346
FEV012117,2,11,9347
FEV012118,2,11,9348
FEV012121,2,11,9349
FEV012123,2,11,9350
FEV012125,2,11,9351
FEV012126,2,11,9352
FEV012127,2,11,9353
FEV012128,2,11,9354
FEV012129,2,11,9355
FEV012130,2,11,9356
FEV012131,2,11,9357
FEV012132,2,11,9358
FEV012133,2,11,9359
FEV012135,2,11,9360
FEV012136,2,11,9361
FEV012138,2,11,9362
FEV012139,2,11,9363
FEV012140,2,11,9364
FEV012141,2,11,9365
FEV012142,2,11,9366
FEV012143,2,11,9367
FEV012144,2,11,9368
FEV012145,2,11,9369
FEV012146,2,11,9370
FEV012147,2,11,9371
FEV012148,2,11,9372
FEV012150,2,11,9373
FEV012152,2,11,9374
FEV012154,2,11,9375
FEV012155,2,11,9376
FEV012158,2,11,9377
FEV012159,2,11,9378
FEV012161,2,11,9379
FEV012162,2,11,9380
FEV012163,2,11,9381
FEV012164,2,11,9382
FEV012165,2,11,9383
FEV012167,2,11,9384
FEV012168,2,11,9385
FEV012169,2,11,9386
FEV012170,2,11,9387
FEV012171,2,11,9388
FEV012172,2,11,9389
FEV012173,2,11,9390
FEV012174,2,11,9391
FEV012175,2,11,9392
FEV012176,2,11,9393
FEV012177,2,11,9394
FEV012178,2,11,9395
FEV012179,2,11,9396
FEV012180,2,11,9397
FEV012181,2,11,9398
FEV012182,2,11,9399
FEV012184,2,11,9400
FEV012186,2,11,9401
FEV012187,2,11,9402
FEV012189,2,11,9403
FEV012190,2,11,9404
FEV012191,2,11,9405
FEV012192,2,11,9406
FEV012193,2,11,9407
FEV012194,2,11,9408
FEV012196,2,11,9409
FEV012197,2,11,9410
FEV012199,2,11,9411
FEV012200,2,11,9412
FEV012201,2,11,9413
FEV012202,2,11,9414
FEV012203,2,11,9415
FEV012205,2,11,9416
FEV012206,2,11,9417
FEV012208,2,11,9418
FEV012210,2,11,9419
FEV012211,2,11,9420
FEV012212,2,11,9421
FEV012213,2,11,9422
FEV012214,2,11,9423
FEV012215,2,11,9424
FEV012216,2,11,9425
FEV012218,2,11,9426
FEV012219,2,11,9427
FEV012221,2,11,9428
FEV012222,2,11,9429
FEV012223,2,11,9430
FEV012224,2,11,9431
FEV012225,2,11,9432
FEV012226,2,11,9433
FEV012227,2,11,9434
FEV012228,2,11,9435
FEV012230,2,11,9436
FEV012231,2,11,9437
FEV012232,2,11,9438
FEV012233,2,11,9439
FEV012234,2,11,9440
FEV012235,2,11,9441
FEV012238,2,11,9442
FEV012241,2,11,9443
FEV012243,2,11,9444
FEV012244,2,11,9445
FEV012246,2,11,9446
FEV012248,2,11,9447
FEV012249,2,11,9448
FEV012250,2,11,9449
FEV012252,2,11,9450
FEV012253,2,11,9451
FEV012254,2,11,9452
FEV012255,2,11,9453
FEV012257,2,11,9454
FEV012258,2,11,9455
FEV012260,2,11,9456
FEV012261,2,11,9457
FEV012262,2,11,9458
FEV012263,2,11,9459
FEV012264,2,11,9460
FEV012265,2,11,9461
FEV012266,2,11,9462
FEV012267,2,11,9463
FEV012269,2,11,9464
FEV012271,2,11,9465
FEV012272,2,11,9466
FEV012273,2,11,9467
FEV012274,2,11,9468
FEV012275,2,11,9469
FEV012276,2,11,9470
FEV012277,2,11,9471
FEV012278,2,11,9472
FEV012279,2,11,9473
FEV012280,2,11,9474
FEV012283,2,11,9475
FEV012284,2,11,9476
FEV012286,2,11,9477
FEV012287,2,11,9478
FEV012288,2,11,9479
FEV012289,2,11,9480
FEV012291,2,11,9481
FEV012293,2,11,9482
FEV012294,2,11,9483
FEV012296,2,11,9484
FEV012297,2,11,9485
FEV012298,2,11,9486
FEV012299,2,11,9487
FEV012300,2,11,9488
FEV012301,2,11,9489
FEV012302,2,11,9490
FEV012304,2,11,9491
FEV012305,2,11,9492
FEV012306,2,11,9493
FEV012307,2,11,9494
FEV012308,2,11,9495
FEV012309,2,11,9496
FEV012311,2,11,9497
FEV012312,2,11,9498
FEV012313,2,11,9499
FEV012315,2,11,9500
FEV012316,2,11,9501
FEV012317,2,11,9502
FEV012318,2,11,9503
FEV012319,2,11,9504
FEV012320,2,11,9505
FEV012322,2,11,9506
FEV012324,2,11,9507
FEV012325,2,11,9508
FEV012326,2,11,9509
FEV012327,2,11,9510
FEV012329,2,11,9511
FEV012330,2,11,9512
FEV012331,2,11,9513
FEV012332,2,11,9514
FEV012333,2,11,9515
FEV012334,2,11,9516
FEV012336,2,11,9517
FEV012337,2,11,9518
FEV012341,2,11,9519
FEV012342,2,11,9520
FEV012343,2,11,9521
FEV012344,2,11,9522
FEV012345,2,11,9523
FEV012346,2,11,9524
FEV012347,2,11,9525
FEV012348,2,11,9526
FEV012350,2,11,9527
FEV012351,2,11,9528
FEV012352,2,11,9529
FEV012353,2,11,9530
FEV012354,2,11,9531
FEV012355,2,11,9532
FEV012356,2,11,9533
FEV012357,2,11,9534
FEV012359,2,11,9535
FEV012361,2,11,9536
FEV012362,2,11,9537
FEV012363,2,11,9538
FEV012364,2,11,9539
FEV012365,2,11,9540
FEV012366,2,11,9541
FEV012367,2,11,9542
FEV012368,2,11,9543
FEV012369,2,11,9544
FEV012370,2,11,9545
FEV012372,2,11,9546
FEV012373,2,11,9547
FEV012374,2,11,9548
FEV012375,2,11,9549
FEV012376,2,11,9550
FEV012377,2,11,9551
FEV012378,2,11,9552
FEV012380,2,11,9553
FEV012382,2,11,9554
FEV012384,2,11,9555
FEV012385,2,11,9556
FEV012386,2,11,9557
FEV012387,2,11,9558
FEV012389,2,11,9559
FEV012390,2,11,9560
FEV012391,2,11,9561
FEV012392,2,11,9562
FEV012393,2,11,9563
FEV012394,2,11,9564
FEV012395,2,11,9565
FEV012396,2,11,9566
FEV012398,2,11,9567
FEV012399,2,11,9568
FEV012400,2,11,9569
FEV012401,2,11,9570
FEV012402,2,11,9571
FEV012403,2,11,9572
FEV012404,2,11,9573
FEV012405,2,11,9574
FEV012406,2,11,9575
FEV012408,2,11,9576
FEV012410,2,11,9577
FEV012411,2,11,9578
FEV012412,2,11,9579
FEV012415,2,11,9580
FEV012416,2,11,9581
FEV012418,2,11,9582
FEV012419,2,11,9583
FEV012420,2,11,9584
FEV012421,2,11,9585
FEV012422,2,11,9586
FEV012423,2,11,9587
FEV012425,2,11,9588
FEV012426,2,11,9589
FEV012427,2,11,9590
FEV012428,2,11,9591
FEV012430,2,11,9592
FEV012431,2,11,9593
FEV012432,2,11,9594
FEV012433,2,11,9595
FEV012434,2,11,9596
FEV012436,2,11,9597
FEV012438,2,11,9598
FEV012439,2,11,9599
FEV012440,2,11,9600
FEV012441,2,11,9601
FEV012442,2,11,9602
FEV012443,2,11,9603
FEV012444,2,11,9604
FEV012445,2,11,9605
FEV012446,2,11,9606
FEV012448,2,11,9607
FEV012449,2,11,9608
FEV012450,2,11,9609
FEV012451,2,11,9610
FEV012452,2,11,9611
FEV012453,2,11,9612
FEV012454,2,11,9613
FEV012455,2,11,9614
FEV012457,2,11,9615
FEV012458,2,11,9616
FEV012461,2,11,9617
FEV012462,2,11,9618
FEV012463,2,11,9619
FEV012464,2,11,9620
FEV012465,2,11,9621
FEV012468,2,11,9622
FEV012469,2,11,9623
FEV012471,2,11,9624
FEV012472,2,11,9625
FEV012473,2,11,9626
FEV012478,2,11,9627
FEV012479,2,11,9628
FEV012480,2,11,9629
FEV012482,2,11,9630
FEV012483,2,11,9631
FEV012485,2,11,9632
FEV012486,2,11,9633
FEV012488,2,11,9634
FEV012489,2,11,9635
FEV012490,2,11,9636
FEV012491,2,11,9637
FEV012492,2,11,9638
FEV012493,2,11,9639
FEV012495,2,11,9640
FEV012496,2,11,9641
FEV012497,2,11,9642
FEV012498,2,11,9643
FEV012499,2,11,9644
FEV012501,2,11,9645
FEV012502,2,11,9646
FEV012503,2,11,9647
FEV012504,2,11,9648
FEV012505,2,11,9649
FEV012507,2,11,9650
FEV012508,2,11,9651
FEV012509,2,11,9652
FEV012511,2,11,9653
FEV012512,2,11,9654
FEV012513,2,11,9655
FEV012514,2,11,9656
FEV012515,2,11,9657
FEV012517,2,11,9658
FEV012518,2,11,9659
FEV012519,2,11,9660
FEV012520,2,11,9661
FEV012522,2,11,9662
FEV012523,2,11,9663
FEV012524,2,11,9664
FEV012525,2,11,9665
FEV012526,2,11,9666
FEV012527,2,11,9667
FEV012528,2,11,9668
FEV012529,2,11,9669
FEV012530,2,11,9670
FEV012532,2,11,9671
FEV012534,2,11,9672
FEV012535,2,11,9673
FEV012539,2,11,9674
FEV012540,2,11,9675
FEV012542,2,11,9676
FEV012543,2,11,9677
FEV012544,2,11,9678
FEV012547,2,11,9679
FEV012548,2,11,9680
FEV012549,2,11,9681
FEV012550,2,11,9682
FEV012551,2,11,9683
FEV012554,2,11,9684
FEV012557,2,11,9685
FEV012558,2,11,9686
FEV012559,2,11,9687
FEV012560,2,11,9688
FEV012562,2,11,9689
FEV012563,2,11,9690
FEV012564,2,11,9691
FEV012566,2,11,9692
FEV012567,2,11,9693
FEV012568,2,11,9694
FEV012572,2,11,9695
FEV012573,2,11,9696
FEV012574,2,11,9697
FEV012575,2,11,9698
FEV012577,2,11,9699
FEV012578,2,11,9700
FEV012580,2,11,9701
FEV012581,2,11,9702
FEV012582,2,11,9703
FEV012583,2,11,9704
FEV012584,2,11,9705
FEV012585,2,11,9706
FEV012586,2,11,9707
FEV012587,2,11,9708
FEV012588,2,11,9709
FEV012589,2,11,9710
FEV012590,2,11,9711
FEV012592,2,11,9712
FEV012593,2,11,9713
FEV012595,2,11,9714
FEV012596,2,11,9715
FEV012597,2,11,9716
FEV012598,2,11,9717
FEV012600,2,11,9718
FEV012601,2,11,9719
FEV012602,2,11,9720
FEV012603,2,11,9721
FEV012604,2,11,9722
FEV012605,2,11,9723
FEV012606,2,11,9724
FEV012607,2,11,9725
FEV012608,2,11,9726
FEV012609,2,11,9727
FEV012610,2,11,9728
FEV012611,2,11,9729
FEV012612,2,11,9730
FEV012613,2,11,9731
FEV012614,2,11,9732
FEV012615,2,11,9733
FEV012617,2,11,9734
FEV012618,2,11,9735
FEV012619,2,11,9736
FEV012620,2,11,9737
FEV012622,2,11,9738
FEV012623,2,11,9739
FEV012624,2,11,9740
FEV012625,2,11,9741
FEV012626,2,11,9742
FEV012628,2,11,9743
FEV012629,2,11,9744
FEV012630,2,11,9745
FEV012631,2,11,9746
FEV012632,2,11,9747
FEV012633,2,11,9748
FEV012635,2,11,9749
FEV012636,2,11,9750
FEV012638,2,11,9751
FEV012639,2,11,9752
FEV012640,2,11,9753
FEV012641,2,11,9754
FEV012642,2,11,9755
FEV012643,2,11,9756
FEV012644,2,11,9757
FEV012646,2,11,9758
FEV012647,2,11,9759
FEV012648,2,11,9760
FEV012649,2,11,9761
FEV012650,2,11,9762
FEV012651,2,11,9763
FEV012652,2,11,9764
FEV012653,2,11,9765
FEV012654,2,11,9766
FEV012655,2,11,9767
FEV012656,2,11,9768
FEV012657,2,11,9769
FEV012658,2,11,9770
FEV012659,2,11,9771
FEV012660,2,11,9772
FEV012661,2,11,9773
FEV012663,2,11,9774
FEV012664,2,11,9775
FEV012665,2,11,9776
FEV012666,2,11,9777
FEV012667,2,11,9778
FEV012668,2,11,9779
FEV012669,2,11,9780
FEV012670,2,11,9781
FEV012671,2,11,9782
FEV012672,2,11,9783
FEV012674,2,11,9784
FEV012676,2,11,9785
FEV012677,2,11,9786
FEV012678,2,11,9787
FEV012680,2,11,9788
FEV012681,2,11,9789
FEV012682,2,11,9790
FEV012683,2,11,9791
FEV012684,2,11,9792
FEV012685,2,11,9793
FEV012686,2,11,9794
FEV012687,2,11,9795
FEV012688,2,11,9796
FEV012689,2,11,9797
FEV012690,2,11,9798
FEV012691,2,11,9799
FEV012693,2,11,9800
FEV012694,2,11,9801
FEV012697,2,11,9802
FEV012698,2,11,9803
FEV012699,2,11,9804
FEV012700,2,11,9805
FEV012701,2,11,9806
FEV012702,2,11,9807
FEV012703,2,11,9808
FEV012704,2,11,9809
FEV012705,2,11,9810
FEV012706,2,11,9811
FEV012707,2,11,9812
FEV012708,2,11,9813
FEV012709,2,11,9814
FEV012710,2,11,9815
FEV012711,2,11,9816
FEV012712,2,11,9817
FEV012713,2,11,9818
FEV012714,2,11,9819
FEV012715,2,11,9820
FEV012718,2,11,9821
FEV012719,2,11,9822
FEV012720,2,11,9823
FEV012721,2,11,9824
FEV012722,2,11,9825
FEV012727,2,11,9826
FEV012728,2,11,9827
FEV012729,2,11,9828
FEV012732,2,11,9829
FEV012733,2,11,9830
FEV012734,2,11,9831
FEV012735,2,11,9832
FEV012736,2,11,9833
FEV012737,2,11,9834
FEV012738,2,11,9835
FEV012740,2,11,9836
FEV012742,2,11,9837
FEV012743,2,11,9838
FEV012744,2,11,9839
FEV012745,2,11,9840
FEV012746,2,11,9841
FEV012748,2,11,9842
FEV012750,2,11,9843
FEV012751,2,11,9844
FEV012752,2,11,9845
FEV012753,2,11,9846
FEV012754,2,11,9847
FEV012756,2,11,9848
FEV012758,2,11,9849
FEV012759,2,11,9850
FEV012762,2,11,9851
FEV012766,2,11,9852
FEV012767,2,11,9853
FEV012768,2,11,9854
FEV012769,2,11,9855
FEV012770,2,11,9856
FEV012771,2,11,9857
FEV012772,2,11,9858
FEV012773,2,11,9859
FEV012774,2,11,9860
FEV012775,2,11,9861
FEV012776,2,11,9862
FEV012777,2,11,9863
FEV012779,2,11,9864
FEV012780,2,11,9865
FEV012782,2,11,9866
FEV012783,2,11,9867
FEV012784,2,11,9868
FEV012785,2,11,9869
FEV012786,2,11,9870
FEV012787,2,11,9871
FEV012788,2,11,9872
FEV012789,2,11,9873
FEV012790,2,11,9874
FEV012792,2,11,9875
FEV012793,2,11,9876
FEV012794,2,11,9877
FEV012796,2,11,9878
FEV012797,2,11,9879
FEV012798,2,11,9880
FEV012799,2,11,9881
FEV012801,2,11,9882
FEV012802,2,11,9883
FEV012804,2,11,9884
FEV012805,2,11,9885
FEV012807,2,11,9886
FEV012808,2,11,9887
FEV012810,2,11,9888
FEV012811,2,11,9889
FEV012814,2,11,9890
FEV012815,2,11,9891
FEV012816,2,11,9892
FEV012818,2,11,9893
FEV012819,2,11,9894
FEV012820,2,11,9895
FEV012821,2,11,9896
FEV012822,2,11,9897
FEV012823,2,11,9898
FEV012825,2,11,9899
FEV012826,2,11,9900
FEV012827,2,11,9901
FEV012828,2,11,9902
FEV012829,2,11,9903
FEV012830,2,11,9904
FEV012831,2,11,9905
FEV012832,2,11,9906
FEV012833,2,11,9907
FEV012835,2,11,9908
FEV012836,2,11,9909
FEV012837,2,11,9910
FEV012838,2,11,9911
FEV012839,2,11,9912
FEV012840,2,11,9913
FEV012841,2,11,9914
FEV012843,2,11,9915
FEV012844,2,11,9916
FEV012845,2,11,9917
FEV012846,2,11,9918
FEV012849,2,11,9919
FEV012850,2,11,9920
FEV012851,2,11,9921
FEV012852,2,11,9922
FEV012855,2,11,9923
FEV012856,2,11,9924
FEV012858,2,11,9925
FEV012859,2,11,9926
FEV012861,2,11,9927
FEV012862,2,11,9928
FEV012863,2,11,9929
FEV012864,2,11,9930
FEV012865,2,11,9931
FEV012866,2,11,9932
FEV012867,2,11,9933
FEV012868,2,11,9934
FEV012869,2,11,9935
FEV012870,2,11,9936
FEV012871,2,11,9937
FEV012872,2,11,9938
FEV012874,2,11,9939
FEV012875,2,11,9940
FEV012877,2,11,9941
FEV012879,2,11,9942
FEV012880,2,11,9943
FEV012881,2,11,9944
FEV012882,2,11,9945
FEV012883,2,11,9946
FEV012884,2,11,9947
FEV012886,2,11,9948
FEV012887,2,11,9949
FEV012888,2,11,9950
FEV012889,2,11,9951
FEV012891,2,11,9952
FEV012892,2,11,9953
FEV012893,2,11,9954
FEV012894,2,11,9955
FEV012895,2,11,9956
FEV012896,2,11,9957
FEV012897,2,11,9958
FEV012901,2,11,9959
FEV012902,2,11,9960
FEV012903,2,11,9961
FEV012904,2,11,9962
FEV012905,2,11,9963
FEV012906,2,11,9964
FEV012907,2,11,9965
FEV012908,2,11,9966
FEV012909,2,11,9967
FEV012910,2,11,9968
FEV012911,2,11,9969
FEV012912,2,11,9970
FEV012913,2,11,9971
FEV012914,2,11,9972
FEV012915,2,11,9973
FEV012916,2,11,9974
FEV012917,2,11,9975
FEV012918,2,11,9976
FEV012919,2,11,9977
FEV012920,2,11,9978
FEV012921,2,11,9979
FEV012922,2,11,9980
FEV012923,2,11,9981
FEV012924,2,11,9982
FEV012925,2,11,9983
FEV012926,2,11,9984
FEV012927,2,11,9985
FEV012929,2,11,9986
FEV012930,2,11,9987
FEV012931,2,11,9988
FEV012932,2,11,9989
FEV012933,2,11,9990
FEV012934,2,11,9991
FEV012935,2,11,9992
FEV012937,2,11,9993
FEV012939,2,11,9994
FEV012942,2,11,9995
FEV012943,2,11,9996
FEV012944,2,11,9997
FEV012945,2,11,9998
FEV012946,2,11,9999
FEV012947,2,11,10000
FEV012948,2,11,10001
FEV012950,2,11,10002
FEV012951,2,11,10003
FEV012952,2,11,10004
FEV012953,2,11,10005
FEV012954,2,11,10006
FEV012956,2,11,10007
FEV012957,2,11,10008
FEV012958,2,11,10009
FEV012959,2,11,10010
FEV012960,2,11,10011
FEV012961,2,11,10012
FEV012962,2,11,10013
FEV012964,2,11,10014
FEV012965,2,11,10015
FEV012966,2,11,10016
FEV012967,2,11,10017
FEV012968,2,11,10018
FEV012971,2,11,10019
FEV012972,2,11,10020
FEV012973,2,11,10021
FEV012974,2,11,10022
FEV012976,2,11,10023
FEV012978,2,11,10024
FEV012981,2,11,10025
FEV012982,2,11,10026
FEV012983,2,11,10027
FEV012985,2,11,10028
FEV012987,2,11,10029
FEV012988,2,11,10030
FEV012989,2,11,10031
FEV012991,2,11,10032
FEV012994,2,11,10033
FEV012995,2,11,10034
FEV012996,2,11,10035
FEV012998,2,11,10036
FEV012999,2,11,10037
FEV013000,2,11,10038
FEV013002,2,11,10039
FEV013003,2,11,10040
FEV013004,2,11,10041
FEV013005,2,11,10042
FEV013006,2,11,10043
FEV013007,2,11,10044
FEV013010,2,11,10045
FEV013011,2,11,10046
FEV013012,2,11,10047
FEV013013,2,11,10048
FEV013015,2,11,10049
FEV013016,2,11,10050
FEV013018,2,11,10051
FEV013019,2,11,10052
FEV013021,2,11,10053
FEV013023,2,11,10054
FEV013024,2,11,10055
FEV013025,2,11,10056
FEV013026,2,11,10057
FEV013028,2,11,10058
FEV013029,2,11,10059
FEV013030,2,11,10060
FEV013031,2,11,10061
FEV013032,2,11,10062
FEV013033,2,11,10063
FEV013035,2,11,10064
FEV013036,2,11,10065
FEV013037,2,11,10066
FEV013038,2,11,10067
FEV013040,2,11,10068
FEV013041,2,11,10069
FEV013042,2,11,10070
FEV013043,2,11,10071
FEV013044,2,11,10072
FEV013045,2,11,10073
FEV013046,2,11,10074
FEV013047,2,11,10075
FEV013048,2,11,10076
FEV013049,2,11,10077
FEV013050,2,11,10078
FEV013051,2,11,10079
FEV013052,2,11,10080
FEV013055,2,11,10081
FEV013056,2,11,10082
FEV013057,2,11,10083
FEV013058,2,11,10084
FEV013059,2,11,10085
FEV013060,2,11,10086
FEV013064,2,11,10087
FEV013065,2,11,10088
FEV013066,2,11,10089
FEV013067,2,11,10090
FEV013068,2,11,10091
FEV013069,2,11,10092
FEV013070,2,11,10093
FEV013071,2,11,10094
FEV013075,2,11,10095
FEV013076,2,11,10096
FEV013078,2,11,10097
FEV013080,2,11,10098
FEV013081,2,11,10099
FEV013082,2,11,10100
FEV013083,2,11,10101
FEV013084,2,11,10102
FEV013085,2,11,10103
FEV013086,2,11,10104
FEV013087,2,11,10105
FEV013091,2,11,10106
FEV013092,2,11,10107
FEV013093,2,11,10108
FEV013095,2,11,10109
FEV013097,2,11,10110
FEV013098,2,11,10111
FEV013099,2,11,10112
FEV013100,2,11,10113
FEV013102,2,11,10114
FEV013103,2,11,10115
FEV013104,2,11,10116
FEV013106,2,11,10117
FEV013108,2,11,10118
FEV013109,2,11,10119
FEV013110,2,11,10120
FEV013111,2,11,10121
FEV013112,2,11,10122
FEV013113,2,11,10123
FEV013116,2,11,10124
FEV013117,2,11,10125
FEV013118,2,11,10126
FEV013119,2,11,10127
FEV013120,2,11,10128
FEV013121,2,11,10129
FEV013122,2,11,10130
FEV013123,2,11,10131
FEV013124,2,11,10132
FEV013125,2,11,10133
FEV013126,2,11,10134
FEV013130,2,11,10135
FEV013131,2,11,10136
FEV013132,2,11,10137
FEV013133,2,11,10138
FEV013134,2,11,10139
FEV013135,2,11,10140
FEV013136,2,11,10141
FEV013137,2,11,10142
FEV013138,2,11,10143
FEV013139,2,11,10144
FEV013140,2,11,10145
FEV013141,2,11,10146
FEV013142,2,11,10147
FEV013143,2,11,10148
FEV013144,2,11,10149
FEV013145,2,11,10150
FEV013146,2,11,10151
FEV013147,2,11,10152
FEV013148,2,11,10153
FEV013149,2,11,10154
FEV013150,2,11,10155
FEV013151,2,11,10156
FEV013152,2,11,10157
FEV013153,2,11,10158
FEV013154,2,11,10159
FEV013155,2,11,10160
FEV013156,2,11,10161
FEV013157,2,11,10162
FEV013158,2,11,10163
FEV013159,2,11,10164
FEV013161,2,11,10165
FEV013162,2,11,10166
FEV013165,2,11,10167
FEV013166,2,11,10168
FEV013167,2,11,10169
FEV013168,2,11,10170
FEV013169,2,11,10171
FEV013170,2,11,10172
FEV013172,2,11,10173
FEV013173,2,11,10174
FEV013174,2,11,10175
FEV013175,2,11,10176
FEV013177,2,11,10177
FEV013178,2,11,10178
FEV013179,2,11,10179
FEV013181,2,11,10180
FEV013182,2,11,10181
FEV013184,2,11,10182
FEV013186,2,11,10183
FEV013188,2,11,10184
FEV013189,2,11,10185
FEV013190,2,11,10186
FEV013191,2,11,10187
FEV013192,2,11,10188
FEV013193,2,11,10189
FEV013194,2,11,10190
FEV013195,2,11,10191
FEV013196,2,11,10192
FEV013197,2,11,10193
FEV013198,2,11,10194
FEV013199,2,11,10195
FEV013200,2,11,10196
FEV013201,2,11,10197
FEV013202,2,11,10198
FEV013205,2,11,10199
FEV013207,2,11,10200
FEV013208,2,11,10201
FEV013210,2,11,10202
FEV013212,2,11,10203
FEV013213,2,11,10204
FEV013214,2,11,10205
FEV013215,2,11,10206
FEV013217,2,11,10207
FEV013218,2,11,10208
FEV013219,2,11,10209
FEV013220,2,11,10210
FEV013221,2,11,10211
FEV013222,2,11,10212
FEV013223,2,11,10213
FEV013224,2,11,10214
FEV013225,2,11,10215
FEV013226,2,11,10216
FEV013227,2,11,10217
FEV013228,2,11,10218
FEV013229,2,11,10219
FEV013231,2,11,10220
FEV013232,2,11,10221
FEV013233,2,11,10222
FEV013234,2,11,10223
FEV013235,2,11,10224
FEV013236,2,11,10225
FEV013237,2,11,10226
FEV013238,2,11,10227
FEV013239,2,11,10228
FEV013241,2,11,10229
FEV013242,2,11,10230
FEV013243,2,11,10231
FEV013244,2,11,10232
FEV013246,2,11,10233
FEV013247,2,11,10234
FEV013248,2,11,10235
FEV013250,2,11,10236
FEV013251,2,11,10237
FEV013253,2,11,10238
FEV013255,2,11,10239
FEV013256,2,11,10240
FEV013257,2,11,10241
FEV013258,2,11,10242
FEV013259,2,11,10243
FEV013261,2,11,10244
FEV013262,2,11,10245
FEV013263,2,11,10246
FEV013264,2,11,10247
FEV013265,2,11,10248
FEV013266,2,11,10249
FEV013267,2,11,10250
FEV013268,2,11,10251
FEV013269,2,11,10252
FEV013270,2,11,10253
FEV013272,2,11,10254
FEV013273,2,11,10255
FEV013275,2,11,10256
FEV013276,2,11,10257
FEV013277,2,11,10258
FEV013278,2,11,10259
FEV013279,2,11,10260
FEV013280,2,11,10261
FEV013281,2,11,10262
FEV013283,2,11,10263
FEV013284,2,11,10264
FEV013285,2,11,10265
FEV013286,2,11,10266
FEV013287,2,11,10267
FEV013288,2,11,10268
FEV013290,2,11,10269
FEV013291,2,11,10270
FEV013292,2,11,10271
FEV013293,2,11,10272
FEV013294,2,11,10273
FEV013295,2,11,10274
FEV013296,2,11,10275
FEV013297,2,11,10276
FEV013299,2,11,10277
FEV013300,2,11,10278
FEV013301,2,11,10279
FEV013302,2,11,10280
FEV013303,2,11,10281
FEV013304,2,11,10282
FEV013305,2,11,10283
FEV013306,2,11,10284
FEV013307,2,11,10285
FEV013308,2,11,10286
FEV013309,2,11,10287
FEV013310,2,11,10288
FEV013312,2,11,10289
FEV013314,2,11,10290
FEV013315,2,11,10291
FEV013316,2,11,10292
FEV013317,2,11,10293
FEV013318,2,11,10294
FEV013320,2,11,10295
FEV013321,2,11,10296
FEV013322,2,11,10297
FEV013323,2,11,10298
FEV013325,2,11,10299
FEV013327,2,11,10300
FEV013330,2,11,10301
FEV013333,2,11,10302
FEV013334,2,11,10303
FEV013335,2,11,10304
FEV013336,2,11,10305
FEV013337,2,11,10306
FEV013339,2,11,10307
FEV013340,2,11,10308
FEV013342,2,11,10309
FEV013343,2,11,10310
FEV013344,2,11,10311
FEV013345,2,11,10312
FEV013346,2,11,10313
FEV013347,2,11,10314
FEV013348,2,11,10315
FEV013349,2,11,10316
FEV013350,2,11,10317
FEV013351,2,11,10318
FEV013353,2,11,10319
FEV013354,2,11,10320
FEV013355,2,11,10321
FEV013356,2,11,10322
FEV013357,2,11,10323
FEV013358,2,11,10324
FEV013359,2,11,10325
FEV013360,2,11,10326
FEV013361,2,11,10327
FEV013362,2,11,10328
FEV013363,2,11,10329
FEV013365,2,11,10330
FEV013366,2,11,10331
FEV013367,2,11,10332
FEV013368,2,11,10333
FEV013369,2,11,10334
FEV013370,2,11,10335
FEV013372,2,11,10336
FEV013375,2,11,10337
FEV013376,2,11,10338
FEV013378,2,11,10339
FEV013379,2,11,10340
FEV013380,2,11,10341
FEV013382,2,11,10342
FEV013385,2,11,10343
FEV013386,2,11,10344
FEV013387,2,11,10345
FEV013389,2,11,10346
FEV013392,2,11,10347
FEV013393,2,11,10348
FEV013394,2,11,10349
FEV013395,2,11,10350
FEV013397,2,11,10351
FEV013398,2,11,10352
FEV013399,2,11,10353
FEV013400,2,11,10354
FEV013401,2,11,10355
FEV013402,2,11,10356
FEV013403,2,11,10357
FEV013404,2,11,10358
FEV013405,2,11,10359
FEV013406,2,11,10360
FEV013407,2,11,10361
FEV013410,2,11,10362
FEV013412,2,11,10363
FEV013413,2,11,10364
FEV013414,2,11,10365
FEV013415,2,11,10366
FEV013416,2,11,10367
FEV013417,2,11,10368
FEV013418,2,11,10369
FEV013420,2,11,10370
FEV013421,2,11,10371
FEV013422,2,11,10372
FEV013423,2,11,10373
FEV013424,2,11,10374
FEV013427,2,11,10375
FEV013428,2,11,10376
FEV013429,2,11,10377
FEV013430,2,11,10378
FEV013431,2,11,10379
FEV013432,2,11,10380
FEV013433,2,11,10381
FEV013434,2,11,10382
FEV013436,2,11,10383
FEV013437,2,11,10384
FEV013439,2,11,10385
FEV013441,2,11,10386
FEV013442,2,11,10387
FEV013444,2,11,10388
FEV013447,2,11,10389
FEV013450,2,11,10390
FEV013452,2,11,10391
FEV013454,2,11,10392
FEV013456,2,11,10393
FEV013458,2,11,10394
FEV013459,2,11,10395
FEV013460,2,11,10396
FEV013461,2,11,10397
FEV013462,2,11,10398
FEV013464,2,11,10399
FEV013465,2,11,10400
FEV013466,2,11,10401
FEV013467,2,11,10402
FEV013468,2,11,10403
FEV013469,2,11,10404
FEV013471,2,11,10405
FEV013472,2,11,10406
FEV013473,2,11,10407
FEV013475,2,11,10408
FEV013477,2,11,10409
FEV013478,2,11,10410
FEV013479,2,11,10411
FEV013480,2,11,10412
FEV013481,2,11,10413
FEV013482,2,11,10414
FEV013484,2,11,10415
FEV013485,2,11,10416
FEV013486,2,11,10417
FEV013491,2,11,10418
FEV013492,2,11,10419
FEV013493,2,11,10420
FEV013494,2,11,10421
FEV013495,2,11,10422
FEV013496,2,11,10423
FEV013497,2,11,10424
FEV013498,2,11,10425
FEV013499,2,11,10426
FEV013500,2,11,10427
FEV013501,2,11,10428
FEV013502,2,11,10429
FEV013504,2,11,10430
FEV013505,2,11,10431
FEV013507,2,11,10432
FEV013509,2,11,10433
FEV013510,2,11,10434
FEV013512,2,11,10435
FEV013513,2,11,10436
FEV013515,2,11,10437
FEV013516,2,11,10438
FEV013519,2,11,10439
FEV013520,2,11,10440
FEV013523,2,11,10441
FEV013525,2,11,10442
FEV013526,2,11,10443
FEV013527,2,11,10444
FEV013528,2,11,10445
FEV013529,2,11,10446
FEV013530,2,11,10447
FEV013531,2,11,10448
FEV013533,2,11,10449
FEV013534,2,11,10450
FEV013535,2,11,10451
FEV013536,2,11,10452
FEV013538,2,11,10453
FEV013541,2,11,10454
FEV013542,2,11,10455
FEV013543,2,11,10456
FEV013544,2,11,10457
FEV013545,2,11,10458
FEV013546,2,11,10459
FEV013547,2,11,10460
FEV013548,2,11,10461
FEV013549,2,11,10462
FEV013550,2,11,10463
FEV013552,2,11,10464
FEV013554,2,11,10465
FEV013555,2,11,10466
FEV013556,2,11,10467
FEV013557,2,11,10468
FEV013558,2,11,10469
FEV013559,2,11,10470
FEV013560,2,11,10471
FEV013561,2,11,10472
FEV013562,2,11,10473
FEV013563,2,11,10474
FEV013565,2,11,10475
FEV013566,2,11,10476
FEV013569,2,11,10477
FEV013570,2,11,10478
FEV013572,2,11,10479
FEV013573,2,11,10480
FEV013574,2,11,10481
FEV013575,2,11,10482
FEV013576,2,11,10483
FEV013577,2,11,10484
FEV013578,2,11,10485
FEV013579,2,11,10486
FEV013580,2,11,10487
FEV013581,2,11,10488
FEV013582,2,11,10489
FEV013583,2,11,10490
FEV013584,2,11,10491
FEV013585,2,11,10492
FEV013586,2,11,10493
FEV013587,2,11,10494
FEV013588,2,11,10495
FEV013589,2,11,10496
FEV013590,2,11,10497
FEV013591,2,11,10498
FEV013592,2,11,10499
FEV013593,2,11,10500
FEV013594,2,11,10501
FEV013595,2,11,10502
FEV013596,2,11,10503
FEV013597,2,11,10504
FEV013598,2,11,10505
FEV013600,2,11,10506
FEV013601,2,11,10507
FEV013602,2,11,10508
FEV013603,2,11,10509
FEV013604,2,11,10510
FEV013605,2,11,10511
FEV013606,2,11,10512
FEV013608,2,11,10513
FEV013609,2,11,10514
FEV013610,2,11,10515
FEV013611,2,11,10516
FEV013612,2,11,10517
FEV013613,2,11,10518
FEV013614,2,11,10519
FEV013617,2,11,10520
FEV013618,2,11,10521
FEV013619,2,11,10522
FEV013620,2,11,10523
FEV013621,2,11,10524
FEV013622,2,11,10525
FEV013623,2,11,10526
FEV013625,2,11,10527
FEV013626,2,11,10528
FEV013627,2,11,10529
FEV013628,2,11,10530
FEV013630,2,11,10531
FEV013631,2,11,10532
FEV013632,2,11,10533
FEV013633,2,11,10534
FEV013635,2,11,10535
FEV013636,2,11,10536
FEV013638,2,11,10537
FEV013639,2,11,10538
FEV013640,2,11,10539
FEV013641,2,11,10540
FEV013642,2,11,10541
FEV013643,2,11,10542
FEV013644,2,11,10543
FEV013645,2,11,10544
FEV013646,2,11,10545
FEV013647,2,11,10546
FEV013648,2,11,10547
FEV013649,2,11,10548
FEV013651,2,11,10549
FEV013652,2,11,10550
FEV013653,2,11,10551
FEV013654,2,11,10552
FEV013655,2,11,10553
FEV013656,2,11,10554
FEV013657,2,11,10555
FEV013660,2,11,10556
FEV013661,2,11,10557
FEV013662,2,11,10558
FEV013663,2,11,10559
FEV013664,2,11,10560
FEV013665,2,11,10561
FEV013666,2,11,10562
FEV013667,2,11,10563
FEV013668,2,11,10564
FEV013669,2,11,10565
FEV013672,2,11,10566
FEV013673,2,11,10567
FEV013674,2,11,10568
FEV013675,2,11,10569
FEV013676,2,11,10570
FEV013677,2,11,10571
FEV013678,2,11,10572
FEV013679,2,11,10573
FEV013681,2,11,10574
FEV013682,2,11,10575
FEV013685,2,11,10576
FEV013686,2,11,10577
FEV013687,2,11,10578
FEV013688,2,11,10579
FEV013690,2,11,10580
FEV013691,2,11,10581
FEV013692,2,11,10582
FEV013693,2,11,10583
FEV013694,2,11,10584
FEV013695,2,11,10585
FEV013697,2,11,10586
FEV013698,2,11,10587
FEV013699,2,11,10588
FEV013700,2,11,10589
FEV013701,2,11,10590
FEV013702,2,11,10591
FEV013703,2,11,10592
FEV013705,2,11,10593
FEV013706,2,11,10594
FEV013707,2,11,10595
FEV013708,2,11,10596
FEV013709,2,11,10597
FEV013710,2,11,10598
FEV013711,2,11,10599
FEV013712,2,11,10600
FEV013713,2,11,10601
FEV013714,2,11,10602
FEV013715,2,11,10603
FEV013716,2,11,10604
FEV013717,2,11,10605
FEV013718,2,11,10606
FEV013720,2,11,10607
FEV013721,2,11,10608
FEV013722,2,11,10609
FEV013725,2,11,10610
FEV013726,2,11,10611
FEV013727,2,11,10612
FEV013729,2,11,10613
FEV013730,2,11,10614
FEV013732,2,11,10615
FEV013733,2,11,10616
FEV013734,2,11,10617
FEV013735,2,11,10618
FEV013736,2,11,10619
FEV013737,2,11,10620
FEV013739,2,11,10621
FEV013740,2,11,10622
FEV013741,2,11,10623
FEV013742,2,11,10624
FEV013743,2,11,10625
FEV013744,2,11,10626
FEV013745,2,11,10627
FEV013746,2,11,10628
FEV013747,2,11,10629
FEV013748,2,11,10630
FEV013751,2,11,10631
FEV013752,2,11,10632
FEV013753,2,11,10633
FEV013754,2,11,10634
FEV013755,2,11,10635
FEV013757,2,11,10636
FEV013758,2,11,10637
FEV013759,2,11,10638
